question,true_short_answer,predicted_short_answer
"Amca Ben'in dört atı var. Her at öğün başına beş pound yulaf tüketebilir. Atlarını günde iki kez besler. Bir çuvalda 50 pound yulaf varsa, atlarını beş gün boyunca beslemek için kaç çuval yulafa ihtiyacı vardır?",4,20
"Bir yerel kasaba genişliyor ve önümüzdeki üç yıl boyunca birkaç yeni ev inşa etmek istiyor. İlk yıl, 12 ev inşa edecekler. Ertesi yıl, bu sayının üç katı kadar ev inşa edecekler. Üçüncü yıl, inşa ettikleri ev sayısını sayacak ve miktarı ikiye katlayacaklar. Kasaba önümüzdeki üç yıl içinde kaç ev inşa etmiş olacak?",144,104
"Amber, Micah ve Ahito toplamda 52 mil koştu. Amber 8 mil koştu. Micah, Amber'ın koştuğunun 3.5 katı kadar koştu. Ahito kaç mil koştu?",16,48
"İki araba bir otobanda seyahat ediyor. İlk araba saatte ortalama 60 mil hızla giderken, ikinci araba saatte ortalama 70 mil hızla onu geçiyor. Her iki araç da aynı hızla otobanda yol almaya devam ederse, 2 saat sonra aralarında kaç mil mesafe olacak?",20,100
"Hızlı ve Öfkeli serisinden 9 film var, Deepa her birini sinemada üç kez izlemiş. Bu filmleri izlemek için 216 dolar harcamış. Bilet başına ortalama ne kadar ödemiş?",8,12.0
"Jen kök sebzelerini satmayı planlıyor. 6 adet yamını tanesi 1,5 dolardan, 10 adet tatlı patatesini tanesi 2 dolardan ve 4 adet havucunu tanesi 1,25 dolardan satabilir. Eğer her şeyi satar ise, ne kadar kazanacak?",34,37.5
"Zeke'nin beyzbol takımında Carlton'ınkinden 7 fazla oyuncu var. Eğer Carlton'ın takımında 13 oyuncu varsa, her iki takımda toplam kaç oyuncu vardır?",33,95
"John kahvaltıda, öğle ve akşam yemeğiyle birlikte bir bardak su içmeyi sever. Son olarak, yatmadan önce de bir bardak daha içer. John bunu her iş günü yapar, ancak hafta sonları rahatlamayı ve akşam yemeğinde bunun yerine bir soda içmeyi tercih eder. John bir haftada kaç bardak su içer?",26,24
John günde 30 iş döngüsü yapar. Her döngüde 5 farklı görev bulunmakta ve her görev 1.20 dolar kazandırır. Eğer tam 7 günlük bir hafta çalışırsa ne kadar kazanır?,1260,8820.0
Pazartesi günü Walt 4 mil yürüdü. Salı günü Pazartesi günü yürüdüğü millerin altı katı kadar yürüdü. Pazartesi'den Çarşamba'ya kadar toplamda 41 mil yürüdü. Çarşamba günü kaç mil yürüdü?,13,21
"Gerald ve Julia 100 doları 3:2 oranında böldü. Eğer Gerald bir kitaba 10 dolar harcadıysa, geriye ne kadar parası kaldı?",50,30
"Larry bir grup arkadaş için mantı yaptı. Aralarında Larry dahil 8 erkek ve 6 kadın var. Her erkek, her kadından 1 fazla mantı yedi. Her kadın 3 mantı yediğine ve artan mantı olmadığına göre, Larry kaç mantı yaptı?",50,28
"John köpeğini veteriner hekime götürür. Köpeğinin iki aşıya ihtiyacı var, her biri 20 dolar ve bir kalp kurdu kontrolüne. Kalp kurdu kontrolü toplam faturanın %60'ını oluşturuyor. Eğer yanında 125 dolar getirdiyse, ne kadar parası kalır?",25,27.5
"Wayne ve Bernadette son filmlerinin galasına giden film yıldızlarıdır. Bernadette, Wayne'den 5 dakika önce varmak istiyor. Wayne, galanın yapılacağı tiyatroya yakın bir otelde kalıyor ve Bernadette aynı şehirdeki yüksek katlı dairesinde kalıyor. Bernadette'in dairesinden tiyatroya olan yolculuk, Wayne'in otelinden olan yolculuğun dört katı sürüyor. Wayne'in tiyatroya gitmek için arabayla dört dakika sürmesi gerekiyorsa, Bernadette tiyatroya ilk varmak için Wayne'den ne kadar daha erken ayrılmalıdır?",17,32
Carl'ın en sevdiği yiyecek peynirdir. Bu hafta her gün öğle yemeğinde bir sandviç yedi ve her sandviçte 2 dilim peynir kullandı. Haftada 3 gün kahvaltıda sandviç başına kullandığından bir dilim daha fazla peynir kullanarak peynirli ve yumurtalı omlet yedi. Haftanın birkaç akşam yemeği için büyük bir makarna ve peynir tabağı yaptı ve içine 8 dilim peynir kullandı. Toplamda kaç dilim peynir kullandı?,31,240
"Bir sınıfta erkek öğrencilerin sayısının 3 katı kadar kız öğrenci ve erkek öğrencilerin sayısının 1/10'u kadar cinsiyetsiz çocuk varsa ve sınıfta 30 erkek öğrenci bulunuyorsa, toplamda kaç çocuk vardır?",123,120
"Pazartesi günü, Sue kız kardeşinin yediğinin 4 katı kadar çerez yedi. Salı günü ise kız kardeşinin yediğinin 2 katı kadar çerez yedi. Kız kardeşi Pazartesi günü 5 çerez, ertesi gün 13 çerez yedi. Eğer 1 çerez 200 kalori ise, Sue kız kardeşinden kaç kalori daha fazla tüketmiştir?",5600,2000
Ben 2007 yılında 20000 dolar karşılığında bir araba satın aldı. Arabanın fiyatı her yıl sabit bir oranda %21 değer kaybediyor. 2010 yılındaki arabanın fiyatını bulun.,7400,13198.08
"Sağlığa çok önem veren Octavia, günlük önerilen kahve miktarının yarısını içer. Buna karşın, Octavia'nın kocası Juan, onun içtiği miktarın 10 katı kadar kahve içer. Juan'ın doktoru, günlük kahve tüketimini önerilen 4 fincana indirmesini istemiştir. Juan, günlük kahve tüketimini kaç fincan azaltmalıdır?",16,10.5
"Artie Çiftçi Pazarı'nda bir çiçek standı işletiyor. Üç çeşit çiçek satıyor: kadife çiçekleri, petunyalar ve begonyalar. Genellikle kadife çiçeklerini saksı başına 2.74 dolara, petunyaları 1.87 dolara ve begonyaları 2.12 dolara satıyor. Artie'nin bugün bozuk parası yok, bu yüzden tüm fiyatları en yakın dolara yuvarlamaya karar verdi. Artie 12 saksı kadife çiçeği, 9 saksı petunya ve 17 saksı begonya sattığında, ne kadar kazanacak?",88,56.13
"Bir akvaryumda 4 salyangoz, diğerinde ise 32 salyangoz var. İki akvaryumdaki salyangoz sayısı arasındaki fark, her iki akvaryumdaki balık sayısının iki katıdır. Her iki akvaryumda da eşit sayıda balık varsa, her bir akvaryumda kaç balık vardır?",7,28
"Üç parmaklı bir tembel hayvan çok yavaş hareket eder ve sadece ağacının tepesindeyken yer. Yemeği için ağaçtan inip yabanmersini toplayıp tekrar ağacına tırmanması dört saat sürer. Her seferinde aynı sayıda yabanmersini topladığını varsayarsak, sekiz saat içinde 24 yabanmersini toplamak istiyorsa, bir seferde yerden en az kaç yabanmersini toplamalıdır?",12,6
Bugün Subway'de bir ayak uzunluğunda balık sandviçi için 40 dolar öderseniz ve altı inçlik soğuk kesim kombinasyon sandviçi için üç katı kadar öderseniz öğle yemeği size ne kadara mal olur?,160,1600
"John hızlı konuşma gibi tuhaf bir hobi edinmeye karar verir. Normal konuşma hızı dakikada 150 kelime. Antrenmandan sonra hızı başlangıç hızının 2,5 katı daha hızlıdır. Her sayfada 450 kelime varsa 10 sayfayı konuşması ne kadar sürer?",12,1200.0
"Marilyn'in ilk albümü Harald'ınkinin 10 katı kadar sattı. Toplamda 88.000 kopya sattılarsa, Harald kaç kopya sattı?",8000,8800
James yeni bir gardırop alır. 10 takım elbise ve 10 kumaş pantolon alır. Ayrıca her takım elbise için 3 gömlek alır. Takım elbiselerin her biri 750 dolar ve kumaş pantolonlar bu fiyatın beşte biri kadardır. Gömleklerin her biri 60 dolardır. Her şeyin toplam maliyeti ne kadar oldu?,"10,800",10500.0
John her yarım saatte bir şişe su içer. Normal bir sudoku bulmacası onun 45 dakikasını alır. Aşırı zor bir sudoku ise bunun 4 katı kadar sürer. Bu süre zarfında kaç şişe su içer?,6,864
"Brady kumbarasındaki parayı sayıyor. 100 tane penisi, 40 tane beş senti, 20 tane on senti ve 40 tane dolarlık banknotu var. Brady'nin kumbarasında toplam kaç doları var?",45,140.0
"John kendine 6 yumurtalık omlet yapar, içine 2 ons peynir ve eşit miktarda jambon koyar. Yumurtaların her biri 75 kalori. Peynir ons başına 120 kalori. Jambon ons başına 40 kalori. Omletin toplam kalorisi kaçtır?",770,1410.0
"Julia'nın teknesi göldeyken su almaya başladı. Tekne, kıyıya doğru her on feet kürek çektiğinde iki litre su alıyordu. Yirmi feet kürek çekmesi on altı saniye sürdü. Kıyı altmış dört saniye uzaklıktaydı. Julia kıyıya ulaştığında tekne ne kadar su almıştı?",16,96.0
"Jason bir otomobil galerisinde satış danışmanı olarak çalışmaktadır. Bu ay büyük bir bonus kazanmak için 15 araba satması gerekiyor. Tarihsel ortalamalara dayanarak, potansiyel müşterilere yaptığı her 25 telefon görüşmesinde bir kişinin yeni arabalara bakmak için otomobil galerisine geldiğini biliyor. Ve galeriye gelen her iki müşteriden biri araba satın alıyor. Bu ortalama sayılara dayanarak, Jason bonusunu kazanmak ve 15 araba satmak için kaç telefon görüşmesi yapmalıdır?",750,600
"Goldy 20 çuval pirinç aldı ve 3 çuvalını kuzenine, 4 çuvalını erkek kardeşine verdi, her çuvalda 25 kilogram pirinç varsa, kuzeni ve erkek kardeşine toplam kaç kilogram pirinç vermiş oldu?",175,4000
"Bir define avcısı, mücevherlerle dolu gömülü bir hazine sandığı buldu. İçinde 175 elmas, elmaslardan 35 daha az yakut ve yakutların iki katı kadar zümrüt vardı. Sandıktaki toplam kaç mücevher vardı?",595,320
Kar üzerinde 36 penguen güneşleniyor. Bunların üçte biri atlayıp okyanusta yüzmeye gidiyor. Bir başka üçte biri akşam yemeğini yemek için mağaraya giriyor. Güneşlenmeye devam eden kaç penguen kaldı?,12,180
"Russell favori simitlerini çevrimiçi olarak sipariş eder. Her paket simit 10,00 dolar tutar ve pakette 9 simit bulunur. Eğer 4 paket simit sipariş ederse, %10 indirim alacaktır. 4 paket sipariş ettikten sonra, her bir simit ne kadar tutacak?",1,"8,1"
"Norman Lisesi her yıl ortalama 4000 öğrenci kaydeder. Komşu okul olan Butler Lisesi, Norman Lisesi'nin kaydettiği öğrenci sayısının ortalama 3/4'ü kadar öğrenci kaydeder. Norman Lisesi'nin ortalama kayıt sayısı, Butler Lisesi'nin kayıt sayısından ne kadar fazladır?",1000,1000
"Bir düzine kurabiye yapmak için iki su bardağı un gereklidir. Carla bugün 36, yarın ise 30 kurabiye yapıyor. Carla bugün ve yarın kurabiyeleri pişirmek için kaç su bardağı una ihtiyaç duyacak?",11,6.5
"Yerel topluluk ağaç dikme kampanyasına katılmak için Bay Julius ilk gün Beyaz Meşe'den yirmi ağaç ve Beyaz Meşe'nin iki katı kadar Sarıçam dikti. İkinci gün, ilk gün diktiğinden %25 daha fazla Sarıçam ve on tane daha Beyaz Meşe dikti. Bay Julius'un iki günde diktiği toplam ağaç sayısını hesaplayın.",140,100
"Mason saatte 8 mil hızla bisiklet yolculuğunda. 4 saat yol alıyor, biraz dinleniyor ve ardından başka 6 saat daha devam ediyor. Toplamda kaç mil yol almıştır?",80,64
"Bir konsey yeni bir düzenleme üzerine oy kullanmak için toplandı. Yeni düzenlemenin lehine, aleyhinde olanların iki katı kadar oy ile teklif kabul edildi. Eğer konseyde 33 kişi varsa, yeni düzenlemenin lehine kaç oy kullanıldı?",22,33
"Wendy şu anda Colin'in yedi yıl sonra olacağı yaşın beş katı kadar yaşlıdır. Yirmi beş yıl sonra, Colin Wendy'nin şu anki yaşının üçte biri kadar yaşlı olacak. Colin şu anda kaç yaşında?",20,35
"Yağın 300 dereceye ısınması 20 dakika sürer. Yağın istenen 400 derece sıcaklığa ısınması ise %40 daha uzun sürer. Yağı ısıttıktan sonra, pişirme süresi yağı ısıtmak için harcanan süreden 5 dakika daha azdır. Yağı ısıtmaya başlamaktan pişmiş tavuk elde etmeye kadar ne kadar zaman geçer?",91,1100
"Nancy eski odunluğunu temizliyor. 90 tane örümcek, örümceklerin 1/3 kadarı kadar kırkayak ve kırkayakların sayısının iki katı eksi 12 kadar kokarca gördü. Toplamda kaç tane böcek saydı?",168,12
"Okulun basketbol sahasındaki 150 öğretmenden %60'ı tarih öğretmenidir. Sahadaki diğer öğretmenler matematik öğretmeniyse ve her öğretmen günde 6 saat uyuyorsa, matematik öğretmenlerinin bir günde toplam ne kadar uyuduğunu hesaplayın.",360,1080
Mack nesneleri saymak istiyor ve önümüzdeki hafta boyunca gökyüzünde kaç kuş olduğunu saymaya karar verdi. Birinci ve ikinci günlerde toplam 50 kuş gördü. Üçüncü gün hiç göremedi. Dördüncü ve beşinci günlerde 120 kuş gördü. Altıncı gün 20 ve yedinci gün 90 kuş gördü. Ortalama olarak Mack bir günde kaç kuş gördü?,40,43.5
"Shania kendi elbisesini tasarlıyor ve elbisenin orijinal uzunluğunun %50'si kadar daha uzatarak daha uzun bir elbise yapmaya karar veriyor. Ayrıca, elbisenin altına dantel bir kenarlık ile 20cm ekliyor. Eğer final tasarımı 140cm uzunluğunda ise, orijinal tasarımda elbise kaç santimetre uzunluğundaydı?",80,120
"Bir cüce çıplak elleriyle günde 12 pound cevher çıkartabilir. Bir demir kazma ile iki kat fazla, bir çelik kazma ile ise demir kazmaya göre %50 daha fazla cevher çıkartabilir. 30 günü olan bir ayda 40 cüce çelik kazmalarla ne kadar cevher çıkartabilir?",43200,2520000.0
"Caroline, Ben'den üç kat daha yaşlıdır. Ben, Chris'ten iki kat daha yaşlıdır. Eğer Chris 4 yaşındaysa, Caroline kaç yaşındadır?",24,24
"Marilyn çevrimiçi olarak bir çift bot satın almak istiyor. Amazon.com'da botların fiyatı 16 dolar ve kargo ücreti 4 dolar. eBay'de aynı ayakkabılar sadece 13 dolar, ancak kargo ücreti Amazon'dakinden iki kat fazla. eBay'de botlar ne kadar daha pahalıya mal oluyor?",1,28
"Bir kule, 4 mavi bloktan, iki kat fazla sarı bloktan ve bilinmeyen sayıda kırmızı bloktan yapılmıştır. Eğer kulede toplamda 32 blok varsa, kırmızı blokların sayısı kaçtır?",20,8
"Alisa saatte 12 mil hızla 4,5 saat boyunca bisiklet sürdü. Stanley saatte 10 mil hızla 2,5 saat boyunca bisiklet sürdü. Alisa ve Stanley toplamda kaç mil bisiklet sürmüş oldu?",79,105.0
John 80 ayak uzunluğunda bir ağacı keser. Bunun %80'ini odun yapabilir. Onu 4 ayak uzunluğunda odunlara keser. Her bir odundan 5 tahta keser. Daha sonra her bir tahtayı 1.2 dolara satar. Ne kadar kazanır?,96,192.0
"Joey her hafta futbol oynar. Geçen hafta pazartesi günü 2 maç, cuma günü 1 maç oynadı ve cumartesi günü pazartesi günü oynadığı maç sayısının iki katı kadar maç oynadı. Joey bir haftada kaç maç oynadı?",7,7
"Ashley'nin internet bağlantı hızı saniyede 20kb'dir. 1 Mb'nin 1000 kb olduğunu bilerek, internet bağlantı hızını saatte kaç Mb olduğunu öğrenmek istiyor. Ashley'nin internet bağlantı hızı saatte kaç Mb'dir?",72,3.6
"Jake bir giyim mağazasında alışveriş yapıyor. Mağazada tişörtlerde bir alana ikincisi %50 indirimli kampanyası var. Jake 2 tişört alıyor. Her tişörtün orijinal fiyatı 8 dolar. Sonra, Jake orijinal fiyatının %40 indirimli olan bir çift ayakkabı alıyor. Ayakkabının orijinal fiyatı 40 dolar. Jake mağazada toplam ne kadar para harcıyor?",36,62.0
Lana arkadaşları için çay demliyor. 27 fincanı var ve bunları 3 sıraya bölüyor. Her sırada papatya ve nane çayı fincanlarını eşit miktarda yapıyor. Sonra kalan fincanları kullanarak toplam 15 fincan tarçın çayı demliyor. Her sırada kaç fincan nane çayı var?,2,9
"Argo'nun 200 oyuncağı var. Alyssa'ya 40 oyuncağı, Bonnie'ye 80 oyuncağı ve Nicky'ye 30 oyuncağı veriyor. Argo'nun şimdi kaç oyuncağı kaldı?",50,50
"Ron, evinin önündeki çukurdan bıkmış durumda. Eğer tamir edilmezse, arabasına 450 dolarlık zarar verecek. Ne yazık ki, belediye meclisi onu tamir etmeyi reddediyor ve Ron kendi başına yolda izinsiz tamir yaparsa ona 120 dolar ceza kesilecek. Ron ayrıca her biri 25 dolar olan 3 kova asfalt almak zorunda kalacak. Ron çukuru kendi tamir ederek ne kadar para tasarrufu yapar?",255,220
"Jim, daha fazla para kazanmak için üniversiteye gitmeye karar verir. Bitirmesi 4 yıl sürer ve her yıl 50.000 dolar kredi alır. Eğer üniversite öncesi yılda 25.000 dolarlık bir işi varsa ve üniversite diploması gelirini üçe katlarsa, okuldayken çalışmadığı için kaybettiği para ve kredilerin toplam değerini kazanması ne kadar sürer?",6,60000.00000000001
"Tommy, hayır kurumuna destek toplamak için brownie'leri dilim başına 3 dolar, cheesecake'leri ise dilim başına 4 dolardan satıyor. Tommy 43 brownie ve 23 dilim cheesecake sattığında, toplamda ne kadar para toplar?",221,271
"Bir şirket çikolatayı barlar halinde üretmektedir. Bir günde 5000 bar üretebilir. Şirket, üretilen her bir barı 2 dolar karşılığında satmaktadır. Şirket, iki hafta boyunca ürettiği çikolata barlarını satarak ne kadar para kazanacaktır?",140000,1400000.0
Pazartesi günü bir su tankının derinliği 17 feet'tir. Salı günü tanka 7 feet daha su eklenmiştir. Çarşamba günü suyun derinliği Salı günkü derinliğin iki üçte biridir. Çarşamba günü tankın su derinliği nedir?,16,11.666666666666668
"Melissa jüri görevine çağrılır. Üç gün boyunca günde 6 saat bir mahkeme davasını dinler. Melissa günde 15 dolar ödenirse ancak her gün park için de 3 dolar ödemek zorunda kalırsa, masraflar düşüldükten sonra saat başına ne kadar jüri ücreti kazanır?",2,8.33
"Jeremy arka bahçelerinde 12 kuş gördü ve onlara bir taş attı, bu sayının 1/3'ünü korkutup uçurdu. Birkaç dakika sonra, korkusuz kuşlara 20 kuş daha katıldı. Şimdi arka bahçede kaç kuş var?",28,22
"Ruiz iki saatte 120 pound çikolata yapabilir. Marissa, Ruiz'in iki saatte yaptığı miktarın 3/4'ü kadarını bir saatte yapmaktadır. Eğer bir gün 12 saat çalışırlarsa, birlikte yaptıkları toplam çikolata miktarını hesaplayın.",1800,9000.0
James bir uçak alır. Uçak 150.000 dolara mal olur. Onu saklamak için ayda 5.000 dolar hangar kirası öder. Ayrıca her ay yakıt için bunun iki katı kadar harcar. İlk yıl uçağı almak ve bakımını yapmak ona ne kadara mal oldu?,330000,65.000
"Profesyonel bir atlet olarak antrenmanında Tyson her gün 5000 metre koşar. Ancak antrenörü, bir günde 1/5 oranında daha fazla mesafe koşmasını istiyor. Eğer antrenörünün tavsiyesini dinleyip bir ay boyunca antrenman yaparsa, Haziran ayında toplam kaç metre mesafe kat etmiş olur?",180000,1800000
"Isabelle küçük kız kardeşinin doğum günü partisi için parti malzemeleri aldı. Pastanın malzemeleri için 12 dolar, doğum günü hediyeleri için 43 dolar, süslemeler için 15 dolar, davetiyeler için 4 dolar ve parti konukları için şekerleme çantaları için 22 dolar harcadı. Masrafları iki ebeveyniyle üçe bölerek eşit bir şekilde paylaştı. Her kişi kaç dolar ödedi?",32,13.5
"Bir müşterinin mağazadaki sadakat kartı, her 20 dolarlık harcamada bir sonraki alışverişten 1 dolar indirim kazandırır. Son alışverişlerinde 80 dolar harcadılar. Bu alışverişte 43 dolar harcadılar, ödüllerini kullandılar ve fiyattan ödüllerin iki katı tutarında indirim yapan bir kupon uyguladılar. Müşteri bu alışverişte kaç dolar ödedi?",31,34.5
"Cecilia yeni bir yavru köpek aldı. Veterinerine göre, ilk 180 gün boyunca yavru köpeğe her gün 1 su bardağı köpek maması vermesi gerekiyor. Daha sonra köpeğin geri kalan ömrü boyunca her gün 2 su bardağı köpek maması vermesi gerekecek. Bir torba köpek mamasında 110 su bardağı mama varsa, Cecilia ilk yıl içinde kaç torba köpek maması kullanacak?",5,4.5
"Julie, Micah ve Mitchell limonata standlarında 32 bardak limonata sattılar. Julie 14 bardak sattı ve erkek çocuklar eşit sayıda bardak sattılar. Julie, Micah'tan kaç fazla bardak sattı?",5,0
"Bayan Susan'ın sınıfında 20 öğrenci var. Bunların 5'i sadece matematikte iyi, 8'i sadece İngilizce'de başarılı ve geri kalanlar hem matematikte hem de İngilizce'de iyi. Kaçı matematikte iyi?",12,4800
"Rory bir tenis maçından sonra korttan tenis toplarını topluyor. Üç setin ilkinde, ikinci setten dört fazla top toplamak zorunda kaldı. Üçüncü sette, ikinci settekinden yarı yarıya az top topladı. Toplamda 19 tenis topu topladı. Maçın ilk setinde kaç tenis topu topladı?",10,6
"Bir çiftçi atları için yem alıyor. Çeşitli saman, yulaf, havuç ve şeker küpleri satın alıyor. Şeker küpleri nadir bir ikram olduğu için, tüm ahır için yalnızca iki 1 poundluk kutu alıyor. Havuçları sebzeler taze iken atlarına yedirmek istediği için dört 12 poundluk çanta alıyor. Saman atlarının ana yemeği olduğu için kırk iki 75 poundluk balya alıyor. Yulaf, samanı tamamlamak için bir temel olduğu için yirmi 65 poundluk çuval alıyor. Çiftlik kamyonu bir seferde 2250 pound taşıyabiliyorsa, çiftçinin tüm yemi taşımak için kaç sefer yapması gerekiyor?",2,10
"Ronnie'ye 5 dolar verilirken Rissa'ya üç katı kadar verildi. Her biri küçük kız kardeşlerine eşit miktarda para verdikten sonra, Rissa'nın parasının 4/5'i kalmıştır. Ronnie'nin parasında ne kadar kalmıştır?",2,10.0
Bir elektronik satıcısı her biri 700 dolardan 5 telefon satın aldı ve satıcıya 4000 dolarlık banknotlarla ödeme yaptı. Satıcı para üstü olarak ne kadar geri verecek?,500,3000
"Carver yeni 45 yaşına girdi, bu da onun yaşının iki katından 5 yaş eksik olduğunu gösteriyor. Oğlu kaç yaşında?",25,2
"20 dolar karşılığında herhangi bir filmi izleme hakkı içeren ve yanında sadece 1 dolar ek ücretle bir mısır ve bir soda alabileceğiniz süper bilet alabilirsiniz. Ya da 12 dolar karşılığında bir film bileti alıp mısır ve sodayı normal fiyatından satın alabilirsiniz. Eğer süper bileti almayıp 2 dolar tasarruf ettiyseniz ve soda 3 dolar ise, mısırın normal fiyatı nedir?",4,5.5
"Bennet bir çiftçidir. Patlıcanlarının 20 tanesini her biri 3 dolardan satıyor. Ayrıca satabileceği 25 tane mısır koçanı da var. Eğer Bennet toplamda 135 dolar kazanmak istiyorsa, her bir mısır koçanını kaç dolardan satmalıdır?",3,6.5
Marcus uyandığında evinin sıcaklığı 40 derecedir. 3 saat boyunca fırında pişirme yapar ve fırın her açık kaldığı saat başına evin sıcaklığını 5 derece arttırır. Daha sonra Marcus bir pencereyi 30 dakika boyunca açar ve pencere açık kaldığı her 10 dakika için evin sıcaklığı 2 derece soğur. Evin son sıcaklığı nedir?,49,52.0
"Mary hevesli bir bahçıvandır. Dün, en sevdiği bitki fidanlığından 18 yeni saksı bitkisi aldı. Büyük kır evinin 40 pencere pervazında zaten her birinde 2 saksı bitkisi var. Cömert hissederek, yarın her pervazdan bir saksı bitkiyi arkadaşlarına ve ailesine vereceğine karar verdi. Mary'nin kaç saksı bitkisi kalacak?",58,58
"Bir şirket bir perakende işletmesinden 400.000 dolar değerinde ekipman satın aldı, ancak ekipmanların toplam sayısının %40'ı arızalıydı. Arızalı ekipman parçalarını satıcıya geri gönderirlerse, işlevsel ekipman parçalarına harcanan toplam para miktarını hesaplayın.",240000,240000.0
"Cole bahçeye Paskalya yumurta avı için 3 düzine yumurta sakladı. Lamar 5 yumurta bulur. Stacy, Lamar'dan iki kat fazla bulur. Charlie, Stacy'den 2 eksik bulur. Ve Mei, Charlie'nin bulduğunun yarısı kadar bulur. Bahçede hala kaç yumurta saklı?",9,26
"Colby sinemaya gitmeyi çok sever ve her ay ailesi sinemada harcaması için ona 150 dolar verir. Cuma ve Cumartesi günleri için biletler 10 dolardır. Diğer günler için biletler 7 dolardır. Patlamış mısır 8 dolara, şekerleme kutuları ise 2 dolara mal olur. Ayın son günü ve bir Cuma günüdür. O gece bir patlamış mısır ve bir şekerleme kutusu almak istiyor. Eğer o ay Cuma veya Cumartesi günleri 5 film, diğer günlerde 8 film izlediyse, 2 kova patlamış mısır ve dört kutu şekerleme aldıysa, kaç film daha izleyebilir?",1,10
"Helga, tüm Slovenya'da en hızlı takunya dansçısıydı. İki eli yanında dururken, sağ ayağını dakikada 300 kez, sol ayağını ise aynı anda dakikada 250 kez vurabiliyordu. Kollarını kaldırdığında, her iki ayağıyla dakikada 200 kez vurma hızına yavaşlıyordu. Toplam 5 dakika dans ederse ve bu sürenin sadece 2 dakikasında kollarını kaldırırsa, her iki ayağını toplam kaç kez vurmuş olur?",2450,102
"Yedi günlük bir hafta göz önünde bulundurulduğunda, Alex günde 12 dolar ücret alıyorsa, iki haftalık özel ders için ne kadar ücret talep eder?",168,336
"Sunny, bir bağış toplama etkinliği için zencefilli kurabiye ve elmalı turta satıyor. Cumartesi günü 10 kutu zencefilli kurabiye ve Pazar gününden 4 kutu daha az elmalı turta sattı. Pazar günü Cumartesi gününden 5 kutu daha fazla zencefilli kurabiye ve 15 kutu elmalı turta sattı. Zencefilli kurabiye 6 dolar ve elmalı turta 15 dolar olduğuna göre, Sunny iki gün için toplam ne kadar kazandı?",540,425.0
"Ashley'nin pizza teslimatı 15 dolar tutuyor. Ashley sipariş ettiği tutarın 1/5'i kadar bahşiş vermek isterse, teslimatçıya toplam ne kadar ödemelidir?",18,540
"Tom bir CD'yi 4 dolara ve bir kulaklık seti aldı. Toplamda 48 dolar ödedi. Kulaklık setini almamaya karar verseydi, Tom kaç tane daha CD alabilirdi?",11,9
Josie 10 dönümlük çiftliğinde üzüm yetiştiriyor. Her dönüm yılda 5 ton üzüm üretiyor ve her ton üzüm 2 varil şarap yapıyor. Çiftliği yılda kaç varil şarap üretir?,100,1500
"Okulun ilk gününde, Ava arkadaşları Cole ve Xavier'in yaz boyunca çok uzadığını görüyor. Xavier 4 feet boyundaydı ve 3 inç uzamış. Cole ise 50 inç boyundaydı ve yaz boyunca 2 inç uzamış. Şimdi Cole ile Xavier'in boy farkı nedir?",1,3.14
"Bir basketbol turnuvasında dört okul yarışıyor. Her okul bir kız basketbol takımı ve bir erkek basketbol takımı göndermiş ve her takımda 5'er oyuncu bulunuyor. Her okul ayrıca her takım için birer antrenör de göndermiş. Toplamda, tüm okullar kaç kişi göndermiş?",48,40
"Restoranda çalışırken içeri giren kırk müşterinin her biri Rafaela'ya 20 dolar bahşiş verdi. Julieta, Rafaela'dan %10 daha az bahşiş aldı. Julieta ve Rafaela toplamda ne kadar bahşiş aldılar?",1520,9600.0
"Jenna'nın 4 ev arkadaşı var. Her ay elektrik faturası 100 dolar. Eğer payı eşit olarak bölerlerse, her ev arkadaşı yılda elektrik için ne kadar ödeyecek?",240,3000.0
"Eğer her saniye, köpüren bir pınar yeni bir denizanası yaratıyorsa, aynı hızla çalışan 5 pınar 4 saat içinde kaç denizanası yaratır?",72000,7200
"Apple Lisesi bu yıl mezuniyet törenini 6000 kişilik kapasiteye sahip Güzel Sanatlar Merkezi'nde düzenliyor. Mezunlar için ayrılan 950 koltuk ve katılan öğretim görevlileri için ayrılan 300 koltuk hesaba katıldıktan sonra, biletler eşit olarak bölündüğünde her mezun arkadaşlarına ve ailesine kaç bilet verebilir?",5,19.7
"Belirli bir mahallede elektriği bağlamak ve sağlamak için gerekli olan elektrik direkleri ile elektrik telleri arasındaki oran 1:3'tür. Mahallede elektriği bağlamak için gereken toplam elektrik teli sayısı 45 ise, bir elektrik şirketinin mahallede elektriği sağlamak için gereken toplam elektrik direği sayısını hesaplayın.",15,15
"Zaid maaşının 1/4'ünü kira için, 1/3'ünü araba yakıtı için harcar ve kalan miktarın yarısını en sevdiği hayır kurumuna bağışlar. Kızına haftalık harcamaları için 200$ verir ve eşine yiyecek ve diğer ev ihtiyaçları için bütçe yapması için 700$ verir. Eğer Zaid ayda 6000$ kazanıyorsa, tüm bu harcamalar ve bağışlardan sonra ne kadar parası kalır?",350,2100.0
"Bir Reddit grubunun 1000 üyesi var. Her üye günde ortalama 3 gönderi yaparsa, grubun Mart ayında toplam kaç gönderisi olur?",93000,50
"Vincent çiçekleri 3'lü paketler halinde 2,50 dolara veya 2'li paketler halinde 1 dolara satın alabilir. 18 çiçeği daha iyi fiyata satın alarak ne kadar para tasarruf eder?",6,"21,5"
"Bob, tarih projesi için Washington Anıtı'nı yeniden yaratmak için 56 dondurma çubuğuna ihtiyaç duyduğunu düşünüyor. En sevdiği dondurmalar kutuda 8 adet ve her kutu 2.00 dolar. Bob'un projesini yapmak için ne kadar ödemesi gerekecek?",14,56 * 2 = 112.00.
"John tatildeyken birkaç etkinlik yapmaya karar verir. 6 saat tekne kullanarak ve yüzme için bu sürenin yarısını harcar. Ayrıca her biri 2 saat süren 3 farklı gösteri izler. Bu, harcadığı zamanın %30'uydu. Zamanının %40'ını gezip görerek geçirir. Gezip görme için ne kadar zaman harcadı?",20,1200
"Yeni bir oyun salonu açılır ve Jack 3 arkadaşıyla oynamaya karar verir. Jack bir oyunu 25 sentle 20 dakika oynayabilir. Arkadaşlarının ikisi ondan oldukça kötüdür ve sadece yarı yarıya oynayabilirler. Bir tanesi ise ondan oldukça iyi ve 1,5 kat daha uzun süre oynayabilir. 4 saat boyunca oyun oynarlar. Ne kadar para kullanılır?",11,1440.0
"Luke plajda kumdan kaleler yaparak zaman geçiriyor. Sonunda, bir kumdan kalenin her seviyesinin altındaki seviyeden yarı yarıya daha az alan kaplayacağını fark ediyor. Eğer üst seviyesi 16 metrekare olan 4 seviyeli bir kumdan kale yaparsa, bir seviyenin ortalama metrekare alanı nedir?",60,4.0
"Brandon'ın iPhone'u, Ben'in iPhone'undan dört kat daha yaşlı. Ben'in iPhone'u, Suzy'nin iPhone'undan iki kat daha yaşlı. Eğer Suzy'nin iPhone'u 1 yaşındaysa, Brandon'ın iPhone'u kaç yaşında?",8,8
"Derrick her gün 10 düzine (120 adet) donut yapan bir fırına sahiptir ve her birini 2 dolardan satmaktadır. Derrick, tüm donutları sattığı takdirde Haziran ayında ne kadar para kazanır?",7200,7200
"Elijah'nin bir köpeği Kory'nin köpeğinin ağırlığının dörtte biri kadar ve başka bir köpeği ise Kory'nin köpeğinin ağırlığının yarısı kadar. Eğer Kory'nin köpeği 60 pound ise, Elijah ve Kory'nin köpeklerinin toplam ağırlığı kaç pound'dur?",105,180
"Howie, sınıfındaki herkese özel bir ikram olarak kek almak istiyor. İnsanların vanilyalı mı yoksa çikolatalı kek mi isteyeceğinden emin değil, bu yüzden herkes için her birinden birer tane almayı kararlaştırıyor. Kendisi, öğretmeni ve 25 sınıf arkadaşı için her birine 2 kek alacak şekilde aynı miktarda kek alırsa, Howie kaç tane kek almalıdır?",54,54
"Melanie'nin babası 50 inek ve 20 tavukla bir hayvan çiftliği açıyor. Milkie Cows Limited her gün 20 inek, Broilers Limited ise üç hafta boyunca her gün 10 tavuk getiriyor. Üç hafta sonunda çiftlikteki toplam hayvan sayısı nedir?",700,230
"Bill her gün 300 adet rulo, 120 adet çikolatalı kruvasan ve 60 adet baget pişirir. Her rulo 4 inç, her kruvasan 6 inç ve her baget iki ayak uzunluğundadır. Bill tüm pişmiş ürünleri uç uca koyarsa, toplam uzunluk kaç ayak olur?",280,4440
"Liam ve Mitchell birbirlerinin karşısındaki sokakta rekabet eden limonata standları işletiyorlar. Liam bir hafta sonu 63 dolar kazandığını övündüğünde, Mitchell güldü ve aynı hafta sonu 21 limonata sattığını ve her birini 4 dolardan sattığını söyledi. Mitchell o hafta sonu Liam'dan limonata satışından kaç dolar daha fazla kazandı?",21,21 * 4 - 63 = 5
"Jen haftada 6 gün günde 7.5 saat çalışır. Saatlik ücreti 1.5 dolar. Jen, tam katılım sağladığı takdirde ekstra 10 dolar alır. Diyelim ki Jen Nisan ayında hiç devamsızlık yapmadı ve Nisan'da tam olarak 4 hafta var, Jen ne kadar alacak?",280,315.0
"Grace 125 pound ağırlığında. Alex, Grace'in ağırlığının 4 katının 2 pound eksiği kadar ağırlığa sahip. İkisinin toplam ağırlığı kaç pound?",623,507.5
"Mark ikinci kat penceresinin altına, yerden 20 feet yükseklikte bir fasulye sırığı diker. Fasulye sırığı her gün boyunu iki katına çıkarır. Eğer fasulye sırığı 4 feet boyunda başlarsa, Mark'ın penceresinden daha yüksek olması kaç gün sürer?",3,6
Fırındaki bir somun ekmek 2 dolardır. Simitlerin her biri 1 dolardır. 3 somun ekmek 2 simitten ne kadar daha pahalıdır?,4,2.5
"Bir kalem 0.50 dolar ve bir silgi 0.25 dolar. Eğer 6 kalem ve 8 silgi alıp 10 dolar ödediyseniz, ne kadar para üstü alırsınız?",5,0.75
"Jeff'in iş yeri 3 mil uzaklıkta. Her çalıştığı gün oraya yürüyerek gidip geliyor. Haftada 5 kez işe gitmesi gerekiyorsa, kaç mil yürümüş olur?",30,45
"Nate'in köpeği günde altı çukur kazabilir. Nate tatildeyken 14 gün boyunca kazmaya devam eder. Nate eve döndüğünde günde 9 çukuru doldurmaya başlar, ancak köpek her gece 6 yeni çukur kazmaya devam eder. Tüm çukurları doldurması kaç hafta sürer?",4,3.5
"Dexter'ın beş tane domuzu var. Her biri günde iki kez 4 pound yem yiyor. Eğer Dexter 300 pound yem sipariş ettiyse, bir hafta sonra kaç pound yem kaldı?",20,140
"Sekiz yıl önce Duncan'ın yaşı, dört yıl önce Adam'ın yaşının iki katıydı. Eğer Duncan'ın yaşı şu anda 60 ise, Adam sekiz yıl sonra kaç yaşında olacak?",38,72
"Smith ailesi yaz için hazırlanıyor ve yüzme havuzlarını doldurmak istiyorlar. Havuz şirketi, havuzun hacmini bulmak için ölçüm yapmalarını, ardından kaç galon suya ihtiyaçları olduğunu hesaplamak için bunu 5.9 ile çarpmalarını söyledi. Havuz şirketinin gelip havuzu doldurmasının maliyeti galon başına 0.10 dolar. Bay Smith ölçüm yaptı ve havuzun 14 feet genişliğinde, 25 feet uzunluğunda ve 4 feet derinliğinde olduğunu buldu. Havuzu doldurmanın maliyeti ne kadar olacak?",826,1023.8
"Walmart'tan maske takmayı reddettikleri için 3 müşteri atıldı. Beş eksiği dört katı kadar kişi hırsızlık yapmaktan atıldı. Hırsızlık yapanların sayısının üç katı kadar kişi indirimli ürünler üzerinden fiziksel şiddet nedeniyle atıldı. Walmart'tan toplam 50 kişi atıldıysa, diğer nedenlerden dolayı kaç kişi atıldı?",19,42
"Doktor Jones pazartesi günü için zamanını planlıyor. O gün çalıştığı klinikte dokuz saat geçirecek. Klinikte kalan yatan hastaları kontrol etmek için turlar atması gerekiyor, bu her hasta için yirmi dakika sürüyor ve on randevusu var, her biri otuz dakika sürüyor. Doktor Jones'un kayıtlarını güncellemek için kaç saat vakti kalacak, eğer klinikte 9 yatan hastası varsa?",1,"3,5"
Johnny odasının zeminindeki oyuncakları topluyor. Yere 500 parçalık bir lego kutu seti ve 500 parçalık olanın 3 katı daha fazla parçaya sahip başka bir set ve parça sayısı olarak diğerinin 1/4'ü kadar olan başka bir set dökmüştü. Johnny tüm legoları toplarsa kaç blok toplar?,2125,14
"Tobias, Chikote ve Igneous, ormanda yaşayan ve her gece aya uluyan üç küçük kurtlardır. Tobias uluduğunda, her uluma toplam 20 saniye sürer. Chikote, Tobias'ın iki katı süre boyunca ulur. Ve Igneous, diğer iki kurdun toplam süresi kadar ulur. Üç kurdun ulumalarının toplam süresi dakika cinsinden nedir?",2,5.6
"Mel günde 8 saat 900 watt'lık bir klima kullanıyor. Bu, her saatte klimanın 900 watt enerji kullandığı anlamına gelir. Eğer klimayı günde 5 saat daha az kullanırsa, 30 gün içinde kaç kilowatt elektrik enerjisi tasarruf eder?",135,1500.0
"Sıcaklık 2 derece Celsius'tu. Gece boyunca 8 derece düştü ve sabahleyin 3 derece arttı. Sabahleyin sıcaklık, derece Celsius olarak, kaçtı?",-3,7
Elise babasının 250 kitaplık koleksiyonunu üç yıldır satıyor. Her kitap 20$'dan satılıyor ve ilk yıl bu yıl sattığından iki kat fazla kitap satmış. Şu anda 50 satılmamış kitap var ve bu yılki satış adedi 45. İkinci yılda toplam ne kadar para kazandı?,1300,7500.0
"Otomatlar cipsleri 40 sente, çikolata barlarını ise 75 sente satıyor. George 5 dolar harcadı ve 3 paket cips aldı, parasının %1'i kaldı. Kaç tane çikolata barı aldı?",5,6.0
"David'ın 12.48 doları var ve hırdavatçıdaki bir kutudan 16 somun almak istiyor. Her somunun fiyatı 0.03 dolar. David, somunları ödedikten sonra ne kadar parası kalmıştır?",12,6.45
"Tim, 4 Temmuz için birkaç havai fişek yakmaya karar verir. 400 dolar değerinde bir paket havai fişek ve bunun iki katı değerinde başka bir paket alır. Üzerlerinden %20 indirim alır. Ayrıca 150 dolar değerinde bir final havai fişeği de satın alır. Toplamda ne kadar harcadı?",1110,420.0
Öğretmenler odasındaki kahve kupalarının sayısının dört katının sekiz fazlası 40'tır. Öğretmenler odasında kaç kahve kupası vardır?,8,16
"Hafta sonu için arabayı alabilmek için, Wilson'ın karnesinde matematik dersinden 80 veya daha yüksek bir not alması gerekiyor. Matematik notu, 5 sınavın ortalaması alınarak hesaplanıyor. Bu sınavlarda aldığı notlar: 65, 94, 81, 86 ve 74. Şu anki matematik notu nedir?",80,81.4
"Bill yeni bir kamyon sipariş ediyor. Birkaç ek özellikle iki tonluk kamyon satın almaya karar verdi: king kabin yükseltmesi, çekme paketi, deri koltuklar, basamaklar ve yükseltilmiş dış aydınlatma paketi. Kamyonun ana fiyatı 30.000 dolar ve diğer özellikler ekstra ücrete tabi. King kabin ekstra 7.500 dolar, deri koltuklar king kabin yükseltmesinin maliyetinin üçte biri, basamaklar deri koltuklardan 500 dolar daha az ve yükseltilmiş dış aydınlatma paketi 1.500 dolar. Bill'in yeni kamyonunun toplam maliyeti, dolar olarak nedir?",43.500,38.000
"Hannah her koştuğu kilometre başına 60 ml su içmelidir. Eğer spor öğretmeni ona 8 tur koşmasını söyler ve her tur 0.25 km ise, Hannah kaç mililitre su içmelidir?",120,4800.0
Susan Noel için 100 kurabiye yaptı ve bunları 6 yeğenine eşit olarak bölmeyi planlıyordu. Susan onları paketlemeden önce kocası kendisi için 4 kurabiyeyi gizlice aldı. Susan'ın her bir yeğeni kaç kurabiye alacak?,16,16.0
"Stetson, her yediği portakal için Alec'e 10 dolar vereceği konusunda bahse girdi. Çiftlikteyken, Stetson topladıkları portakalların 2/5'ini yedi. Eğer 60 portakal topladılarsa, Stetson'un toplam ne kadar para vazgeçtiğini hesaplayın?",240,2400
"Yirmi çocuk okul gezisine çıktı. Katıldıkları birçok aktiviteden birinde, kızlar ve erkekler olmak üzere iki eşit gruba ayrıldılar ve sonra deniz kabuğu toplamak için bir define avına çıktılar. Erkekler aramaya çıktı ve her biri 60'ar kabuk getirdi. Eğer kızlar, erkeklerin getirdiği kabuk sayısına eşit bir miktarın yanı sıra erkeklerin getirdiğinden dört kat fazla deniz kabuğu getirdiyse, her bir kız kaçar deniz kabuğu getirmiştir?",300,60 * 4 + 60 = 300 + 60 = 360 / 20 = 18.00 → 18 (yaklaşık)
John 3 saat boyunca şeftali toplar. Dakikada 2 şeftali toplayabilir. Toplam kaç şeftali toplar?,360,100
"Max bu hafta sonu iki film izlemeyi planlıyor. İlk film 1 saat 30 dakika, ikinci film ise 2 saat 5 dakika sürüyor. Max iki filmi izlemek için kaç dakika harcayacak?",215,145 dakika.
Michael bisiklete binmeyi çok sever. Haftada en az 5 kez bisiklete biner ve her seferinde 25 kilometre yapar. Bunu dört hafta boyunca yaptı ve sonra haftada sadece 2 kez ancak her seferinde 60 kilometre olacak şekilde bisiklete binmeye karar verdi ve bunu 3 hafta boyunca yaptı. Michael toplamda kaç kilometre yapmış oldu?,860,1300
"Pembe bir kurbağa, mavi bir böcekle aynı ağırlıktadır, yeşil bir kurbağa ile de aynı, sarı bir yılandan 10 pound daha hafif, ancak kırmızı bir kuştan 20 pound daha ağır. Eğer pembe kurbağa 50 pound ağırlığında ise, konteynerin ağırlığı da 20 pound olduğuna göre, her bir hayvandan bir tane taşıyan konteynerin toplam ağırlığını hesaplayın.",260,2200
Her birinde 7 mavi kuş olan 3 ağaç vardı. 4'er mavi kuş olan 2 farklı ağaç vardı. Son ağaçta 3 mavi kuş vardı. Toplamda ağaçlarda kaç mavi kuş vardı?,32,37
"Yerel bir benzin istasyonu galon başına 3 dolar fiyatla benzin satıyor. Bir uygulama şirketi, bu istasyondan doldurursanız galon başına 20 sent nakit iade teklif ediyor. Birisi 10 galon benzin alırsa, nakit iade ödülleri sonrasında benzinin maliyeti ne kadar olur?",28,30.0
"Dijana ve Anis bir gölün yanında yaşarlar ve her hafta sonu göle kürek çekmeye giderler. Bir Pazar sabahı, ikisi de kürek çekmeye çıktı ve Dijana tüm gün boyunca 50 mil kürek çekti. Anis, Dijana'nın kürek çektiği millerin 1/5 fazlasını kürek çekti. O gün ikisinin toplamda kürek çektiği mesafeyi hesaplayın.",110,75
"James otomatın para iadesi bölümünü bozuk para için kontrol etmeyi sever. Bir gün bir çeyrek dolar, iki beş sent ve yedi on sent bulur. James'in kaç senti vardır?",105,35.0
"Poppy 1000 parçalık bir yapboz çözmektedir. Parçaların dörtte birini tahtaya yerleştirir, sonra annesi kalan parçaların üçte birini yerleştirir. Yerleştirilecek kaç yapboz parçası kalmıştır?",500,150
"50 öğrencilik bir sınıfta çeşitli hobiler bulunmaktadır. 10'u pişirme yapmayı, 5'i basketbol oynamayı severken, geri kalanlar ya video oyunları oynamayı ya da müzik çalmayı tercih eder. Eğer müzik çalmayı tercih edenlerin sayısı, basketbol oynamayı tercih edenlerin sayısının iki katı ise, video oyunları oynamayı seven kaç kişidir?",25,25
"Bir çanta %5 indirimli. Eğer etiketi 140 dolar ise, indirimden sonra ne kadar ödersiniz?",133,133.0
"Jana'nın yavrularının üçte ikisi Pomeranian. Pomeranianların üçte biri dişi. Eğer 6 dişi Pomeranian varsa, Jana'nın kaç yavrusu var?",27,18
"Milo cam kırıklarıyla bir mozaik yapıyor. Mozaikin her bir inç karesini yapmak için on iki cam kırığı gerekiyor. Bir poşet cam kırığı 72 kırık içeriyor. Milo mozaikinin üç inç yükseklikte olmasını istiyor. Eğer iki poşet cam kırığı varsa, mozaikini kaç inç uzunlukta yapabilir?",4,24.0
"Bir çiftçinin 900 yumurtası var. Her biri 30 yumurta alan bir tepsiye yerleştirdi. Her tepsiyi 2,5 dolara sattığında çiftçi ne kadar kazanır?",75,450.0
On üçte iki oranında su içeren 10 litre portakal içeceğim var ve bunu beşte üç oranında su içeren 15 litre ananas içeceğine eklemek istiyorum. Ancak dökerken portakal içeceğinden bir litre dökülüyor. Kalan 24 litrede ne kadar su var?,15,15.5
Tim 5 ağaç yetiştirir. Her yıl her ağaçtan 6 limon toplar. On yılda kaç limon toplar?,300,350
"Otoyolda araçlar sıralanmış. Trafik sıkışıklığının ilk 15 dakikasında bazı araçlar geçiş yapıyor, ardından kalan 15 dakikada 20 araç daha geçiş yapıyor. Sıradaki 5 araç, trafik sıkışıklığından geçmek zorunda kalmamak için çıkış yapıyor. Başlangıçta otoyolda 30 araç varsa, ilk 15 dakikada kaç araç trafik sıkışıklığından geçmiştir?",5,35
"Bir trende 172 kişi seyahat ediyor. İlk durakta 47 kişi iniyor ve 13 kişi daha biniyor, bir sonraki durakta ise başka 38 kişi iniyor. Trende kaç kişi kalmıştır?",100,90
"Ricardo bahçesinde domates ve patlıcan yetiştirir. Her domates bitkisi 22 domates verirken, her patlıcan bitkisi 4 patlıcan verir. O, 5 domates bitkisi ve 8 patlıcan bitkisi dikti. Ricardo bitkilerinden kaç meyve alabilir?",142,0.375
"Carl, Sean'ın dört katı kadar misketi var ve Sean'ın misket sayısı Cal'ınki kadarının yarısı kadar. Eğer Sean'ın 56 misketi varsa, Carl ve Cal'ın toplamda kaç misketi vardır?",336,77
"Bir ekip 4 boyacı, her gün 3 hafta boyunca günde 3/8 oranında bir malikanede çalıştı. Her bir boyacı kaç saat çalışmış oldu?",189,45.0
Helen Almanya'da bir geziye çıktı. 3 gece için bir otel ayırttı ve bu gezi sırasında 7 kez otobüse bindi. Otelde bir gece konaklamanın maliyeti 80 dolar ve her otobüs yolculuğu otelde bir gece konaklamanın fiyatının %10'u kadardı. Helen bu gezi sırasında otel ve otobüs seyahatleri için ne kadar ödedi?,296,540.0
Roger kahve almak için mağazaya gider. Normalde aldığı kahve markasının fiyatı her pound için 5 dolar. Sevdiği marka tükendiği için %20 daha pahalı bir marka almak zorunda kaldı. Bir haftalık kahve almayı kararlaştırır ve her gün 1 pound kahve kullanır. Ayrıca kendine 2 dolarlık bir de donut alır. Her şeyin toplam maliyeti ne kadar oldu?,44,160.0
"Kira marketten 3 elma, 5 muz ve 6 portakal aldı. Lola meyvelerden 2 tanesini yedi. Kaç tane kaldı?",12,"7,5"
Mutfak zeminimin toplam alanı 200 metrekare. Her biri 1 fit uzunluğunda kenarlara sahip ve her biri 12 dolar olan yeni kare yer karoları döşemek istiyorum. Mutfak zeminimi yenilemek ne kadar tutar?,2400,5760
Gerald her gün kendisine 30 dolar ödeyen bir kreşte çalışıyor. Tüm bir hafta boyunca çalıştı ve toplamda 100 dolar harcadı. Ne kadar parası kaldı?,110,230
"Finn, gölette 11 yavru kurbağayı yüzüyor olarak izliyor. Aniden, altı tanesinin bir nilüfer yaprağının altından saklanmaktan çıktığını görüyor, sonra iki tanesinin bir taşın altına saklandığını görüyor. Şimdi Finn gölette kaç yavru kurbağa görebilir?",15,3
"Her kavşaktaki direk üzerinde 4 adet sokak lambası bulunmaktadır. Eğer her kavşakta 6 direk varsa ve yol üzerinde 4 kavşak varsa, toplam sokak lambalarından 20 tanesi çalışmıyorsa, çalışan sokak lambalarının toplam sayısını hesaplayın.",76,2400
"Bay Hezekiah, belirli bir günde memleketindeki çeşitli çiftçilere gübre tedarik etmek üzere mağazasından 20 kamyon göndermişti. Her kamyon, çuvallara paketlenmiş 20 ton gübre taşıyordu. Kamyonlar teslimat için yola çıktıktan iki saat sonra, Bay Hezekiah yola çıkan kamyonların dörtte birinin yolda mekanik arızalar yaşadığını ve çiftçilere gübreleri teslim edemediğini öğrendi. O gün çiftçilere ulaşan toplam gübre tonajını hesaplayın?",300,9600
"Grayson her hafta para kazanmak için kutu ve şişe geri dönüştürür. Bir alüminyum kutu iki sent, bir plastik şişe ise üç sent değerindedir. O, haftada üç alüminyum soda kutusu ve beş plastik su şişesi içer. Grayson dört haftalık bir ayda geri dönüştürerek kaç sent kazanır?",84,96.0
"Jennifer'ın köpeğinin 8 yavrusu var, bunların 3'ünde lekeler var. Brandon'ın köpeğinin ise 12 yavrusu var, bunların 4'ünde lekeler var. Tüm yavruların yüzde kaçında lekeler var?",35,21.25
"Jean'ın 30 tane lolipopu var. Jean lolipopların 2 tanesini yiyor. Kalan lolipoplarla, Jean her bir torbaya 2 lolipop koyarak paketlemek istiyor. Jean kaç tane torba doldurabilir?",14,1
"Bir su deposu 120 litre su ile doldurulmuştur. Celine, küçük bahçesini sulamak için depodan 90 litre su kullanmıştır. Daha sonra kalan miktarın iki katı kadar yağmur suyu toplayabilmiştir. Şimdi depoda kaç litre su vardır?",90,140
Bir alanda 50 geyik var. Bunların %50'si erkek geyik. Erkek geyiklerin %20'si 8 dişli. Kaç tane 8 dişli erkek geyik var?,5,10
Bir dans stüdyosu öğrencilere dersler sunmaktadır. Stüdyoyu kiralamanın bedeli her seans için 25 dolar artı her öğrenci başına seans başına 1.50 dolardır. Şu anda dans stüdyosunun 10 öğrencisi var ve haftada 3 gün kiralanmaktadır. Dans stüdyosunun bir aydaki beklenen kazancı ne kadar?,480,1350.0
"Çocuklar günü kutlamaları için, çocuklar ülkenin Cumhurbaşkanı'nın huzurunda toplu egzersizler yapacaklar. Her biri 5 farklı okul için 7 sıra halinde ve her sırada 8 çocuk olacak şekilde duruyorlar. Egzersizde toplam kaç çocuk olabilir?",280,1400
"Bir klima düşük ayarda saatte 2 derece, yüksek ayarda ise saatte 3 derece serinletir. Klima çalışmadığında oda saatte 2 derece ısınır. Klima 3 saat boyunca düşük ayarda çalıştı, ardından 4 saat boyunca yüksek ayarda çalıştırıldı. Sonrasında 2 saat boyunca kapalı kaldı. Başlangıç sıcaklığından kaç derece düşük olan son sıcaklık neydi?",14,7.5
"Jane son 8 haftadır haftalık harçlığının her hafta 4 dolarını biriktiriyor. Aynı miktarı her hafta biriktirmeye devam ederse, toplamda 60 dolar biriktirmesi için kaç hafta daha gerekecek?",7,10
Jana'nın 27 yavru köpeği var. Jana'nın yavru köpeklerinin üçte ikisi Pomeranian. Pomeranianların üçte biri dişi. Jana'nın kaç dişi Pomeranianı var?,6,9
"Bir büyük Starbursts şeker çantasında 232 adet tek tek sarılmış şeker bulunmaktadır. Eğer bu çantada 54 adet kırmızı şeker varsa, turuncu şekerlerin miktarı kırmızı şekerlerin iki katı ve sarı şekerlerin sayısı kırmızı şekerlerin yarısı kadarsa, kaç adet pembe şeker vardır?",43,36
"Adam'ın 100 doları var ve bunu bir kaya tezgahı açmak için harcamak istiyor. Her bir kaya parçasını 5 dolara alıp 7 dolara satabilir. Tüm parasını kaya tezgahına yatırırsa ancak envanterinin yalnızca %60'ını satabilirse, ne kadar para kaybeder?",16,20.0
"John çalışarak para biriktirmeyi planlıyor. Saatte 2 dolar kazanıyor ve haftada 4 gün, günde 5 saat çalışıyor. 80 dolar biriktirmek istiyorsa, bunun için kaç hafta gerekecek?",2,10
"Jerome'un belirli bir gün ziyaretine gelen 4 arkadaşı vardı. İlk arkadaşı kapı zilini Jerome kapıyı açana kadar 20 kez çaldı, ikinci arkadaşı ise Jerome'un ilk arkadaşından 1/4 oranında daha fazla kapı zilini çaldı. Üçüncü arkadaşı, dördüncü arkadaştan 10 kez daha fazla kapı zilini çaldı. Eğer dördüncü arkadaş kapı zilini 60 kez çaldıysa, kapı zilinin çaldığı toplam zil sayısı kaçtır?",175,6
"Jade inanılmaz bir kameraya sahip yeni bir cep telefonu aldı, bu yüzden tüm haftasını günlük yaşamının fotoğraflarını çekerek geçirdi. Haftanın sonunda 210 fotoğraf çekmişti. Tüm fotoğraflarını Instagram'ına yüklemek istiyor. Eğer bir seferde 7 fotoğraf yüklerse ve her gün 6 parti yüklerse, tüm fotoğraflarını yüklemek için kaç gün gerekecek?",5,6
"Billy ilk işe alındığında saat başına 10 dolar ücretle ödeniyordu. İki ay sonra, saat başına 0.50 dolar zam aldı. İşteki ilk yıl dönümünde, saat başına 1.00 dolar zam aldı. Sally farklı bir iş yerinde yeni başladı ve başlangıç maaşı, Billy'nin başlangıç maaşından saat başına 0.50 dolar daha fazla. Eğer her ikisi de 20 saat çalışırsa, Billy Sally'den kaç dolar daha fazla kazanacak?",20,50.0
"Nathan'ın her zıplamada başlangıç yüksekliğinin 2/3'ü kadar zıplayan bir zıp zıp topu var. Eğer onu alışveriş merkezinin her katı 24 feet yükseklikte olan üçüncü kat balkonundan bırakırsa, top ikinci zıplamasında ne kadar yüksek gider?",32,16.0
Google çalışanları günlük bir geziye çıktı. 60 çalışan kapasiteli 4 otobüs kiralandı. 30 çalışan kapasiteli 6 minibüs ve 15 çalışan kapasiteli 10 minibüs. Günlük geziye kaç çalışan katılabilir?,570,240
"Royce, bir evin kiremitlerini döşemek için Rob'un iki katından 40 dakika daha fazla zaman alır. Eğer Rob 2 saat alıyorsa, Royce kaç dakika alır?",280,160 dakika.
"Sally okula yürürken, 25 kırmızı balon, 7 yeşil balon ve 12 sarı balonun iplerini tutuyordu. Aniden esen bir rüzgar, kırmızı balonların %40'ının patlamasına neden oldu. Şaşırtıcı derecede yüksek ses Sally'yi ürküttü ve yanlışlıkla sarı balonların yarısını bıraktı. Ancak okul alanına yaklaştığında, bir ağaçta sıkışmış 8 mavi balon buldu ve bunların %75'ini elinde kalan balon yumağına ekledi ve okula taşıdı. Sonunda okula kaç balon taşıdı?",34,123.0
"Bir kızılçam ağacının her bir sağlam 10 fitlik bölümü 400 pound ağırlığındadır. Termitler bu kızılçamın odununun %30'unu yemiştir. Eğer kızılçam 200 fit yüksekliğindeyse, ne kadar ağırlığındadır?",5600,
"İl düzeyindeki çöpçatan yarışması gezisinde, yarışmanın başlaması için 90 kişinin gruplara ayrılması gerekiyordu. İnsanları farklı liderlerle daha küçük gruplara ayırmak için 9 kişilik gruplar oluşturuldu. Grupların sayısının 3/5'i her bir üyenin 2 deniz kabuğu getirmesini sağladıysa, toplamda kaç deniz kabuğu getirilmiş oldu?",108,1080
"Carol bir şarkı yazmak için 4 saat harcar, bunun yarısı kadar süreyi kaydetmek için harcar ve düzenlemek için 90 dakika harcar. Toplam çalışma süresinin yüzde kaçını düzenleme yaparak geçirmiştir?",%20,0.15
"Daisy 5 pound ağırlığında bir patates çuvalı aldı. Ayrıca, patateslerin ağırlığının 2 katı kadar ağırlığında bir tatlı patates çuvalı ve tatlı patateslerden 3 pound daha hafif bir havuç çuvalı aldı. Daisy kaç pound havuç aldı?",7,13
"Bir timsah 4 yılda 8 inç uzar. Bu orana göre, 13 yılda kaç inç uzar?",26,1040
"Mary'nin 30 koyunu var. Onların yarısından her gün 1 kg, diğer yarısından ise her gün 2 kg süt alıyor. Mary her gün toplamda ne kadar süt toplar?",45,120.0
"Bir kuş, kuzeydeki yazlık evini terk edip güneydeki kışlık evine gitmeye karar verir. Yolculuğu yapmak için kuş, evinden güney yönünde saatte 30 mil hızla 10 saat uçar. Daha sonra, kuş yön değiştirip 2 saat boyunca saatte 18 mil hızla kuzeye doğru uçar. Son olarak, kuş yönünü değiştirip güneye doğru saatte 22 mil hızla 5 saat uçar ve güneydeki evine iner. Kuşun kuzeydeki ve güneydeki evleri arasındaki mesafe kaç mildir?",374,190.0
"Jerry altı yüzlü bir zar atıyor. Üçten büyük bir sayı atma olasılığı, ard arda iki çift sayı atma olasılığından yüzde olarak ifade edildiğinde ne kadar daha fazladır?",25,16.25
Bob 27000 doları 3 okula kitap almak için dağıtıyor. 500 dolar karşılığında 100 kitap alabiliyor. Her okul için kaç kitap alabilir?,1800,1000
"Bill, partisi için kaç tane su şişesi alması gerektiğini hesaplamaya çalışıyor. İki koli su ile başladı ve her kolide 24 şişe var. 70 misafiri gelecek ve her misafir için iki şişe su bulundurmak istiyor. Kaç tane daha su şişesi alması gerekecek?",92,140
"Llesis ailesi tatil yerlerine gitmek için 6 saat araba kullandı ve yürüdü. Saatte ortalama 50 mil hızla araba kullandılar ve yürüyüş hızları, araba sürme hızlarının yarısından saatte ortalama 5 mil daha azdı. Eğer yürüyüşleri 1,5 saat sürdüyse, tatil yerleri ne kadar uzaktaydı?",255,4
"Bilim dersi çalışmasından Brady, denizdeki her balinanın 40 galon kanı olduğunu öğrendi. Ayrıca bir köpekbalığının bir balinadan üç kat daha fazla kanı olduğunu da öğrendi. Denizde yüzen on köpekbalığının toplam kaç galon kanı olduğunu hesaplayın.",1200,40
"Patrick'ın kısmen kullanılmış üç yapıştırıcı çubuğu var. Birinde 1/6'sı kalmış, ikincisinde 2/3'ü kalmış ve üçüncüsünde 1/2'si kalmış. Bir yapıştırıcı çubuk başlangıçta 12 milimetre uzunluğunda ise, kullanılmamış yapıştırıcı çubukların toplam uzunluğu nedir?",16,16.0
"Anneanne Concetta'nın çiftliğinde çilek toplama zamanı. Tony her saatte 6 litre çilek toplayabiliyor, Bobby ise Tony'den saatte bir litre daha az çilek topluyor. Kathy, Bobby'nin saatte topladığı çilek miktarının iki katı kadar toplayabiliyor ve Ricky, Kathy'nin saatte topladığından iki litre daha az çilek topluyor. Toplamda, Tony, Bobby, Ricky ve Kathy anneanne Concetta'nın çiftliğinde her saatte kaç litre çilek toplayabilirler?",29,22
"Tracy bahçedeki domates bitkilerini desteklemek için 4 feet uzunluğunda bir tel parçası kullandı. Tel, 6 inç uzunluğunda parçalara kesildi. Kaç parça elde etti?",8,12
Travis'in tabletinde 61 uygulama vardı. Artık kullanmadığı 9 uygulamayı sildi ve 18 tane daha indirdi. Şimdi tabletinde kaç uygulama var?,70,70
"Bir hayır kurumu bahçe satışı yapmaya karar verir. 10 kişi her biri 5 kutu eşya bağışlar. Ayrıca zaten 10 kutu eşyaları var. Her masaya 2 kutuluk eşya sığdırabilirler. Eğer zaten 15 masa sahiplerse, kaç tane yeni masa ihtiyaçları var?",15,900
"Toula fırına gitti ve çeşitli hamur işleri satın aldı. Düzine başına 68 dolar olan 3 düzine donut, düzine başına 80 dolar olan 2 düzine mini kek ve düzine başına 55 dolar olan 6 düzine mini cheesecake satın aldı. Toplam maliyet ne kadar oldu?",694,931
"Samwell bir beyaz eşya mağazası sahibi. Bu hafta, satışlarının dörtte biri akıllı televizyonlar, sekizde biri analog televizyonlar ve geri kalanı OLED televizyonlar. Toplamda 40 televizyon satabildilerse, kaç tane OLED televizyon satabilmişlerdir?",25,24.0
"Sekizinci sınıf bir yemek pişirme yarışması düzenledi. Kelsie, Josh'tan iki kat daha fazla kurabiye yaptı. Josh, Suzanne'ın yaptığı kurabiyelerin dörtte biri kadar yaptı. Eğer Suzanne 36 kurabiye yaptıysa, Kelsie kaç tane kurabiye yaptı?",18,9
"Alison koşu takımına katılmaya hak kazandı, bu yüzden spor malzemeleri alışverişi yapmaya gitti. Bir atlet için 10 dolar, atletten 5 dolar daha pahalı bir çift koşu şortu ve aslen 48 dolar olan ama yarı fiyatına indirimde olan bir çift tenis ayakkabısı satın aldı. Ayrıca 8 dolarlık spor çorap paketi için 2 dolarlık indirim kuponu kullandı. Spor malzemelerine toplamda ne kadar harcadı?",55,83.0
"Belen'in iki çeşit penisi var, 2010 tarihli bir peni ve 1959 tarihli bir peni. 2010 tarihli peni, 1959 tarihli peninin ağırlığının üç çeyreğidir. Eğer 1959 tarihli peni 48 tane ağırlığında ise, iki peninin toplam ağırlığı nedir?",84,1920
Jordan'ın bez kullanan 2 çocuğu var. Her çocuk günde 5 kez bez değiştirilmesi gerekiyor. Jordan'ın eşi bezlerin yarısını değiştiriyor. Jordan günde kaç tane bez değiştirir?,5,60
"Howard Pazartesi günü oyun salonunda 8 dolar harcar. Salı günü, Pazartesi günü harcadığının iki katını oyun salonunda harcar. Çarşamba günü ise Salı günü harcadığının dört katını oyun salonunda harcar. Başlangıçta 100 doları varsa, ne kadar parası kalmıştır?",12,60.0
"Benny 10 ayak uzunluğunda bir köpekbalığı gördü, üzerine 2 adet 6 inçlik remora balığı yapışmıştı. Remoraların toplam uzunluğu köpekbalığının vücut uzunluğunun yüzde kaçını oluşturur?",10,2.4
"Her ay Madeline, köpeği için yiyecek, ödül maması ve ilaç almak zorunda. Yiyecek haftalık 25 dolar. Ödül maması aylık 20 dolar. İlaç aylık 100 dolar. Eğer bir ayda 4 hafta varsa, Madeline köpeği için yılda ne kadar para harcar?",2640,84
"Kyle geçen yılın en çok satan kitabını 19,50 dolar karşılığında satın aldı. Bu, orijinal fiyat üzerinden %25 indirimle yapılmıştır. Kitabın orijinal fiyatı ne kadardı?",26,"26,0"
"Chris'in iki hız ayarlı bir çim biçme makinesi var. Tüm çimlerini ""kaplumbağa"" modunda 1 saatte, veya ""tavşan"" modunda 40 dakikada biçebilir. Bugün, yarısını kaplumbağa modunda ve diğer yarısını tavşan modunda biçerek deney yaptı. Çimleri biçmek için kaç dakika sürdü?",50,80
"Claire her ay 1 kız izci rozeti kazanır. Amber'in bir rozet kazanması Claire'den iki kat daha uzun sürer. Wendy aynı zaman diliminde Claire'in kazandığı rozet sayısının üç katını kazanır. Wendy, bir yıllık zaman diliminde Amber'e göre kaç fazla rozet kazanır?",30,60
"Carly arkadaşlarını ağırlamak istiyor. Her biri 4 dolar olan beş hamburger, her paketi 30 sent olan on paket patates kızartması ve her biri 2 dolar olan beş meyve suyu kutusu sipariş ediyor. Carly elli dolarlık bir banknot verirse, ne kadar para üstü alır?",17,10.0
Mariah'ın büyükannesi ona örgü örmeyi öğretiyordu. Mariah bir yumak ipin 1/4'ünü kullandı. Büyükannesi bir yumak ipin 1/2'sini kullandı. Bir yumak ipteki iplik miktarı 364 yardadır. Toplamda kaç yarda ip kullandılar?,273,522.5
"Her bir graham kraker kolu 8 büyük smore için taban yapar. Bir kutuda 3 kolu vardır. 9 çocuk her biri için 2 smore istiyorsa ve 6 yetişkin her biri için 1 smore yiyecekse, kaç kutu graham krakeri gerekecek?",1,4.5
"Lauren her maaş çekinden %20 biriktiriyor. Eğer emeklilik dönemi için 20 yıl biriktirmeyi planlıyorsa, şu anki yıllık maaşı 100.000 dolar olan ve yıllık maaşının %40'ı ile yaşamayı düşünen Lauren'ın daha kaç yıl çalışması gerekmektedir?",40,15.5
"Julia evinde vereceği akşam yemeği partisi için hazırlanıyordu ve yemekte güveç servis etmeyi planlıyordu. Plastik kaşıklarının bittiğini fark etti ve yeni bir paket kaşık aldı. Daha sonra kocası da 5 yeni kaşık paketi alıp Julia'ya verdi. Julia güveci yaparken, tadına bakmak için üç kaşık kullandı. Daha sonra masa hazırlamak için gittiğinde, toplamda 12 kaşığı vardı. Julia'nın aldığı pakette kaç kaşık vardı?",10,15
Bir restoranda 4 ayaklı 40 masa ve 3 ayaklı 50 masa bulunmaktadır. Restoranın masalarının toplam ayak sayısını hesaplayın.,310,2400
Mulan'ın 40 doları var. Babası ona 100 dolar verdi. İki çift kot pantolonu her biri 30 dolardan ve bir çanta 20 dolara alıyor. Mulan'ın ne kadar parası kaldı?,60,80
"Fishio Instagram'a selfie'sini gönderdi. Fotoğraf bir hafta sonra 2000 beğeni aldı. Üç hafta sonra, beğeni sayısı ilk beğeni sayısının 70 katı kadar oldu. Eğer yakın zamanda 20000 daha yeni beğeni aldıysa, Instagram'da toplam kaç beğeni var?",162000,56000
Bir fırın her gün 60 somun ekmek üretir. Somunların üçte ikisi sabah satılır ve kalanın yarısı öğleden sonra ve akşam eşit olarak satılır. Öğleden sonra kaç somun ekmek satılır?,10,24
Emily bir dakikada 6 karides soyabilir ve 10 dakikada 30 karidesi soteleyebilir. 90 karidesi soyması ve pişirmesi ne kadar sürecek?,45,192
"3B sınıfındaki öğrenciler davranışları için okul puanları topluyorlar. Eğer toplamda yeterli puan alırlarsa geziye gidebilirler. Sınıfta Adam, Marta, Betty ve Tom var. Adam 50 puan topladı. Betty, Adam'dan daha iyi performans göstererek %30 daha fazla puan topladı. Marta, Tom'dan 3 kat daha fazla puan toplamayı başardı, Tom ise Betty'den 30 puan eksik topladı. Sınıfın geziye gitmek için minimum 400 puan eşiğine ulaşması için kaç puanı eksik?",145,80
"Bir salgın on kişiyi enfekte eder. Her gün, her enfekte olan kişi altı başka kişiyi enfekte eder. Üç gün sonra kaç kişi enfekte olmuş olur?",3430,2796
"Carmen bir antika masa kazanmak için bir müzayedeye gider. Açılış teklifi olan 200 doları kabul eder ve kazanana kadar teklif vermeye devam eder. Masaya yapılan teklifler her seferinde 50 dolar artar ve diğer 3 kişi birer kez teklif verir. Carmen, diğer 3 kişiden sonra her seferinde teklif verir ve sonunda kazanır. Carmen'in masaya kaç dolar ödediği?",500,40
"Lee, Gerald'in 400 metre engelli koşusunu koştuğundan iki saniye daha hızlı koşabiliyordu. Ancak Gerald beslenmesini değiştirdi, bu da hızını %10 oranında artırdı. Eğer Lee 400 metre engelli koşusunu 38 saniyede koşuyorsa, iyileştirilmiş diyetiyle Gerald 400 metre engelli koşusunu kaç saniyede koşabilir?",36,33.2
Tom'un gemisi saatte 10 mil hızla seyahat edebilir. 1'den 4'e kadar yelken açıyor. Daha sonra saatte 6 mil hızla geri dönüyor. Geri dönmesi ne kadar sürer?,5,20.0
"Nisan ayı ve Bayan Rylan çiftliğinde mevsim için farklı türde sebzeler ekmekle meşgul olmuştur. Ekmek için 20 paket domates tohumu ve 80 paket kereviz tohumu satın almıştır. Bir paket domates tohumunun maliyeti 40 dolar ve bir paket kereviz tohumunun maliyeti 30 dolar ise, tohumları satın almak için ne kadar para harcamıştır?",3200,40
Cynthia her gece bir porsiyon dondurma yer. Bir kartonda 15 porsiyon dondurma olan dondurma kartonlarını karton başına 4.00 dolar karşılığında satın alır. 60 gün sonra dondurma için ne kadar harcama yapmış olacak?,16,240.0
"Ford'un bir bahçesi var ve her hafta 40 gül yetiştiriyor. Yerel çiçekçilere gül sağlıyor. İlk çiçekçi haftada 20 gül, ikinci çiçekçi 15 gül ve üçüncü çiçekçi haftada 30 gül sipariş ediyor. Ford, her ay tüm çiçekçilere gül sağlamak için kaç gül eksik?",100,5
"Colby her biri beş sent olan sakız topları almak istiyor. Eğer 8 çeyrek, 6 on sentlik, 14 beş sentlik ve 15 kuruşu varsa, kaç tane alabilir?",69,18.0
"Bir nehirde belirli bir anda geçen su miktarı 4000 galondur. Şiddetli yağmurun ardından bir gün sonra, aynı noktadan geçen su miktarı iki katına çıkar. Eğer üçüncü gün o noktadan geçen su miktarı 6000 galon daha artarsa, o noktadan geçen toplam su miktarını hesaplayın.",14000,18000
"Bayan Sherman kahvaltı için bir düzine ekmek rulosu yaptı. Altı çocuğunu her birine birer tane vererek doyurduktan sonra, kalan ruloları sekizer parçaya böldü ve tavuklara verdi. Tavuklara kaç parça rulo verdi?",48,60
"Mary'nin mutfak dolabında 6 kavanoz süsleme şekerlemesi var. Her bir kavanoz süsleme 8 adet cupcake süslemek için yeterli. Mary, tüm süsleme şekerlemelerini kullanacak kadar yeterli cupcake pişirmek istiyor. Her bir tepsi 12 cupcake alıyorsa, Mary kaç tepsi cupcake pişirmelidir?",4,36
"Judy hafta içi her gün 5 dans dersi verir ve Cumartesi günü 8 ders verir. Her sınıfta 15 öğrenci varsa ve her öğrenciden 15.00 dolar ücret alıyorsa, bir haftada ne kadar para kazanır?",7425,1200.0
Bir emlakçı her gazete ilanı için 5 dolar ve her televizyon reklamı için 75 dolar harcamıştır. 50 gazete ilanı ve 15 televizyon reklamı satın almıştır. Emlakçı tüm ilanları satın almak için ne kadar harcamıştır?,1375,1375
"Bir haber sitesi her gün ortalama 20 siyasi ve hava durumu haber makalesi yayımlamaktadır. Kardeş şirketi ise günlük ortalama 10 iş haberleri makalesi yayımlamaktadır. Ayda 28 gün varsa, iki web sitesinin Şubat ayında birlikte yayımladığı toplam makale sayısını hesaplayın.",840,800
"Nik'in 200 tane kuru boya kalemi var. Bunları 8'erli gruplara ayırıp kutulara koymak istiyor. Her kutu 8 ons ağırlığında. Her kuru boya kalemi 1 ons ağırlığında. Eğer tüm kuru boya kalemlerini kutulara koyarsa, 16 onsun bir pound olduğu durumda, kuru boya kalemleri ve kutuların toplam ağırlığı kaç pound olur?",25,50
"Beatrice, Sanat dersi için on paket boya kalemi aldı. Paketlerin altısında her birinde sekiz renk vardı ve diğer dört pakette her birinde on altı renk vardı. Beatrice toplamda kaç renk boya kalemi almış oldu?",112,192
"On cheerleaderdan dokuzu 64 inç boyundadır. Onuncu cheerleader ise 60 inç boyundadır. Eğer bir insan piramidi yaparlarsa ve altta 4 kız, onların üstünde 3 kız, onların üstünde de 2 kız duracak ve en kısa kız en üstte olacaksa, insan piramidinin boyu kaç feet olur?",21,88.0
"Brianne ve Ashley Yunan portakal pastası yapıyorlar. Ashley her birinde onar portakal olan beş kutu getirdi, Brianne ise Ashley'den 20 fazla portakal getirdi. Bir Yunan portakal pastası için üç portakala ihtiyaç varsa, kaç tane Yunan portakal pastası yapabilirler?",40,50
"Ördekler hayatta kalmak için her hafta 3,5 pound böcek yemek zorundadır. Eğer on ördekten oluşan bir sürü varsa, günde kaç pound böcek yemeleri gerekmektedir?",5,455.0
"Seth, çıkartmalarının yarısını Luis'e verdi. Luis, çıkartmaların yarısını kullanıp geri kalanını Kris'e verdi. Kris, çıkartmaların 9 tanesini sakladı ve kalan 7 çıkartmayı Rob'a verdi. Başlangıçta Seth'in kaç çıkartması vardı?",64,28
Brenda yılda orijinal miktarın üç çeyreği oranında basit faiz biriktiren bir plana 300 dolar yatırdı. 3 yıl sonra toplamda ne kadarı olacak?,975,30
"Jason'a çamaşırını yıkadığı için 3.00 dolar, odasını temizlediği için 1.50 dolar, her hafta çöpü dışarı çıkardığı için 0.75 dolar ve bulaşık makinesini boşalttığı için 0.50 dolar kazanabileceği söylendi. İki haftalık bir süreçte, Jason bulaşık makinesini 6 kez boşalttı, çamaşırını bir kez yıkadı, çöpü iki kez dışarı çıkardı ve odasını bir kez temizledi. Jason ne kadar para kazandı?",9,9.25
Mason'un bir parti lolipop yapmak için 30 ons şeker ve bir parti fudge yapmak için 70 ons şeker ihtiyacı var. 8 parti lolipop ve 1 parti fudge yapmak için ne kadar şekere ihtiyacı var?,310,
"Katina'nın birikim hesabında 3000 doları var. Eğer her ay hesaptan 100 dolar çekerse, 2 yıl sonra hesapta ne kadar para kalır?",600,1800
"Ellen diyet yapıyor. Her gün iki havuç, bir salata ve bir yoğurt yiyor. Salata ona 6 dolar tutuyor, yoğurt ise fiyatının yarısı. Ellen her gün bir havuç için ne kadar ödüyor, eğer toplamda malları için 11 dolar ödüyorsa?",1,4.5
"Beslenme bilgilerine göre, bir paket cipsin porsiyon başına 250 kalorisi var. Eğer 300g'lık bir pakette 5 porsiyon varsa, günlük kalori hedefiniz 2000 ve zaten 1800 kalori tükettiyseniz, kaç gram yiyebilirsiniz?",48,1700
"Bir sepet yeşil yiyecek 25 dolara mal oluyor ve bir sepet kırmızı yiyecek 18 dolara mal oluyor. Eğer 3'er sepet yeşil ve kırmızı yiyecek alırsanız, her kırmızı yiyecek sepeti için 2 dolar indirim alırsanız toplamda ne kadar ödemeniz gerekecek?",123,246.0
"Elliott günde 10.000 adım atmaya çalışıyor. Adımlarının yarısını okula gidip gelirken tamamladı ve arkadaşıyla kısa bir yürüyüşe çıkarak başka 1.000 adım attı. Ayrıca, mahallede kısa bir koşu yaptı ve koşusunu bitirdikten sonra sadece 2.000 adımının kaldığını fark etti. Elliott koşusu sırasında kaç adım attı?",2000,1200
"Jim'in 20 paket sakızı var. Okulda geçirdiği her 2 saat için 1 parça sakız çiğniyor ve okul günü 8 saat sürüyor. Okuldan eve dönerken 1 parça ve akşam yemeğinden sonra 1 çubuk sakız çiğniyor. Ayrıca, kız kardeşi yatmadan hemen önce biraz istediğinde, kalan sakızının yarısını ona veriyor. Günün sonunda Jim'in kaç parça sakızı kalmıştır?",7,50
"Bir iç tasarım firması, 129,00 dolar karşılığında montaj hizmeti sunmaktadır. Bu hizmet 4 ayna, 2 raf, 1 avize ve 10 resim asmayı içermektedir. Ekstra her bir ürün için 15,00 dolar ek ücret alacaklardır. Angela'nın asılmasını/montajını istediği 6 ayna, 2 avize ve 20 resim vardır. Bu ona ne kadara mal olacak?",324,"579,00"
"Betty ile Sam'in sahip olduğu dondurma çubuklarının oranı 5:6'dır. Eğer ikisinin toplamında 165 dondurma çubuğu varsa, Sam'in Betty'den kaç fazla dondurma çubuğu vardır?",15,15
"Sally'nin matematik sınavlarından aldığı puanlar şunlardır: 50, 80, 80, 60, 40, 90, 100, 70 ve 60. Ortalama puanını bulun.",70,68.5
John iki şarkılık bir kaset satın alır. İlk şarkı 5 dakika ve ikinci şarkı %60 daha uzundur. Kasetin toplam süresi ne kadardır?,13,15.0
"Geçen Cuma, Rydell İlkokulu'ndaki 82 öğretmenden 13'ü hastaydı. Yardım etmek için 9 yedek öğretmen çağrıldı. O gün okulda kaç öğretmen vardı?",78,94
Mara zaten üzerinde 2 dilim kek bulunan bir tabağa 3 dilim kek ekledi. Daha da açlık hissettiği için elindeki dilim sayısını üçe katladı. 2 dilim yedi ve dikkati dağıldığı sırada arkadaşı tabağından 5 dilim çaldı. Tabakta kaç dilim kek kaldı?,8,10
Oscar'ın 24 lolipopu var ve okula giderken 2 tanesini yiyor. Arkadaşlarına 14 tanesini dağıtıyor. Eve dönerken arkadaşlarına verdiğinin iki katı kadar lolipop alıyor. O gece 3 tane daha yiyor ve sabah 2 tane daha yiyor. Oscar'ın kaç lolipopu kaldı?,31,34
"Marcus, tanesi 3.00 dolardan 5 adet kruvasan, tanesi 2.50 dolardan 4 adet tarçınlı rulo, tanesi 4.00 dolardan 3 adet mini kiş ve tanesi 1.00 dolardan 13 adet yaban mersinli muffin sipariş etti. Kasada, Marcus alışverişinden %10 indirim sağlayan sadakat kartını gösterdi. Marcus'un toplam faturası ne kadar?",45,74.5
"İki kız kardeş, Elizabeth ve Margareth, boncuk aldılar. Elizabeth 1 paket kırmızı ve 2 paket şeffaf boncuk aldı, Margareth ise 3 paket mavi ve 4 paket kırmızı boncuk aldı. Her paket boncukta 20 adet boncuk varsa, bir kız kardeşin diğerinden kaç fazla boncuğu vardır?",80,34
"Octavia kız kardeşi için bir yorgan yapmak istiyor. Ailesinin artık kullanmadığı küçük, orta ve büyük beden tişörtlerden yapacak. Küçük bir tişört 3 kare feet kumaş. Orta boy bir tişört 4 kare feet. Büyük bir tişört ise 6 kare feet. Eğer 11 küçük tişört, 8 orta ve 6 büyük tişört kullanırsa, yorgan kaç kare feet olur?",101,246
"Robert'ın 3 pound şekerlemesi, Cindy'nin 5 pound şekerlemesi ve Aaron'ın Halloween'den sonra 4 pound şekerlemesi vardı. Eğer şekerlemelerini birleştirip eşit olarak paylaşmaya karar verirlerse, her birinin kaç pound şekerlemesi olur?",4,4.0
"Frankie ve Binkie birlikte bowling oynamaya gittiler. Frankie'nin skoru, Binkie'nin skorunun iki katından 15 fazlaydı. Eğer Binkie'nin skoru 90 ise, Frankie'nin skoru neydi?",195,195
"John sırtını incitti ve fizik tedaviye gitmesi gerekiyor. Altı hafta boyunca fizik tedavisine gitti. Her hafta iki kez, her seferinde iki saat olmak üzere tedavi gördü. Eğer seans başına maliyet 125 dolar ise, fizik tedavinin toplam maliyeti ne kadar oldu?",3000,6000
"Manolo beş lolipop ve 3.20 dolar tutarında dört şekerleme satın aldı. Her bir lolipop 0.40 dolar ise, 10 lolipop ve 10 şekerleme ona ne kadara mal olur?",7,21.00
"Darrell ve Allen'ın yaşları 7:11 oranındadır. Toplam yaşları şu anda 162 ise, 10 yıl sonra Allen'ın yaşını hesaplayın.",109,56.5
"Jan, Marcia'nın evcil hayvan sayısının üç katına sahip. Marcia'nın Cindy'den iki fazla evcil hayvanı var. Eğer Cindy'nin dört evcil hayvanı varsa, üçünün toplamda kaç evcil hayvanı var?",28,22
Bir şirket çalışanlarını antik bir alanı keşfetmeleri için tura çıkarmaya karar verdi. Çalışanlar 200'er kişilik 3 gruba ayrıldı. Her gruba 7 rehber tahsis edildi. Bu turda toplam kaç kişi yer alacak?,621,33
"Antoine'un Fransız soğan çorbası tarifi için 2 pound soğan gerekiyor. O, bu miktarı iki katına çıkarmayı seviyor. Çorbası 6 kişiliktir. Soğanlar şu anda pound başına 2.00 dolar indirimde. Ayrıca 2 kutu et suyu da ihtiyacı var, onlar da kutu başına 2.00 dolar indirimde. Bir porsiyonun maliyeti nedir? (En yakın tam sayıya yuvarlayın.)",2,25.6
"Carl'ın boyunun yarısı kadar uzunlukta bir bastonu var. Carl, kardeşi Ned'den bir ayak daha uzun. Ve Ned, kuzeni Isabel'den iki ayak daha kısa. Eğer Isabel 7 ayak uzunluğundaysa, Carl'ın bastonu kaç ayak uzunluğundadır?",3,5.5
"Carly'nin 80 kartı vardı, kartların 2/5'inde A harfi bulunuyordu, kalanların 1/2'sinde B harfi, geri kalanların 5/8'inde C harfi vardı ve diğerlerinde D harfi bulunuyordu. Kaç kartın üzerinde D harfi vardı?",9,16.0
"Joanne ailesinin bahçesinden elma toplarken, kız kardeşi ona yardım etmek için dışarı çıkar. Joanne en yüksek ağaçlardan 30 elma toplar, en alçak ağaçlardan bu miktarın yarısını ve ortalama boydaki ağaçlardan daha fazla elma toplar. Joanne'e kıyasla, kız kardeşi en yüksek ağaçlardan iki kat fazla ve en alçak ağaçlardan üç kat fazla elma toplar. Ortalama boydaki ağaçlardan hiç elma almaz. Eğer kız kardeşler toplamda 500 elma topladılarsa, Joanne ortalama boydaki ağaçlardan kaç elma toplamıştır?",350,150
"Sara kendine yeni bir ceket ve 2 çift ayakkabı almak istiyor. İstediği ceketin fiyatı 30 dolar ve her bir çift ayakkabının fiyatı 20 dolar. Sara, komşunun çocuklarına 4 kez bebek bakarak her seferinde 5 dolar kazanıyor. Ayrıca çimleri biçtiği her sefer için ailesi ona 4 dolar ödüyor. Sara bebek bakmaya başlamadan önce zaten 10 dolar biriktirmişti, ceketi ve ayakkabıları alabilmek için kaç kez çim biçmesi gerekiyor?",10,3
"Susan, yaptığı çevrimiçi görev için her 10 dakikada 5 dolar kazanıyor. Eğer sabah 8 ile 11 arasında çalışır ve arada yarım saat mola verirse, çevrimiçi görev için ne kadar para kazanır?",75,65.0
"Janet, Herbert Hoover İlkokulu'nun yıllık standart test sonuçlarını topluyor. 500 üçüncü sınıf öğrencisinin 340'ı, 100 dördüncü sınıf öğrencisinin 40'ı geçti. 400 beşinci sınıf öğrencisinin geçme oranı, dördüncü sınıfın geçme oranının iki katıdır. Okulun genel geçme oranı nedir?",70,"0,46"
"Mark, karısına sürpriz bir parti için iki mekan arasında seçim yapmaya çalışıyor. İlk mekan, kaç kişi katılırsa katılsın sabit olarak 200 dolar ücret alıyor. İkinci mekan ise katılan her kişi başına 25 dolar alıyor. Ancak, ilk mekan yemek içermiyor ve Mark, katılan her kişi için yemeğin maliyetini 5 dolar olarak tahmin ediyor. İkinci mekanda ise her misafir için yemek fiyata dahil. İki mekanın maliyetinin eşit olması için kaç misafir gereklidir?",10,40
"Bir tankın kapasitesi 18000 galondur. Wanda ve Bayan B, tankı iki günde doldurmak için bir gölden su pompalamaya karar verdiler. İlk gün, vardiyalı çalışarak, Wanda tankın kapasitesinin 1/4'ünü su ile doldurdu ve Bayan B, Wanda'nın o gün tanka pompaladığı suyun 3/4 kadarını pompaladı. İkinci gün, Wanda bir önceki gün pompaladığı su miktarının 2/3'ünü pompalarken, Bayan B ise ilk gün pompaladığı galon sayısının sadece 1/3'ünü pompaladı. Tankın dolması için kaç galon su kalmıştır?",6000,8400.0
Geçen hafta IRS 5168 vergi raporu aldı. Pazartesi ve Salı günleri toplam 1907 rapor aldılar. Perşembe ve Cuma günleri toplam 2136 rapor aldılar. Çarşamba günü kaç rapor aldılar?,1125,1251
"Bir ailede 2 erkek kardeş ve 3 kız kardeş var. Tüm kız kardeşler aynı yaşta ve 16 yaşındalar. Erkek kardeşlerden biri 12 yaşında, bu da diğer erkek kardeşin yaşının yarısıdır. Bu kardeşlerin toplam yaşı kaçtır?",84,53
"Amora, Lainey ve Collins mısır cipslerini eşit olarak paylaşmak istediler ancak sonra sadece iki kişinin eşit miktarda mısır cipsi alacağını, diğer kişinin ise diğerlerinin aldığından 15 fazla mısır cipsi alacağını fark ettiler. Eğer Amora ve Lainey her biri 70'er mısır cipsi aldıysa, toplamda kaç mısır cipsi vardı?",225,280
Sally 8 dolarlık bir küçük pizza ve küçük pizzanın fiyatının 3 katı kadar maliyeti olan bir aile boyu pizza alıyor. Toplamda ne kadar harcıyor?,32,40
"Archie bir poşette 30 çubuk olan ve poşeti 18.00 dolar olan sığır eti kurusu satın alır. Eğer Archie, poşet başına 3.00 dolar indirimliyken 1 poşet satın alırsa, her bir sığır eti kurusu çubuğu kaç sente mal olur?",50,120.0
"Lindsay çamaşır yıkıyor ve bazı çorapları kaçırdığını düşünüyor. Yıkanması gereken 50 çorap var. Eğer 10 çift çorap ve 15 tek çorap yıkarsa, Lindsay kaç çorap kaçırmış olur?",15,5
Jen 3 balık aldı. Her biri için günde 1 dolarlık yem gerekiyor. Mayıs ayında yem için ne kadar harcama yapar?,93,45
"Kızlar bir karnaval için para toplamaya çalışıyorlar. Kim, 430 dolar toplayan Alexandra'dan 320 dolar daha fazla topluyor ve Maryam, 300 dolar toplayan Sarah'dan 400 dolar daha fazla topluyor. Toplamda hepsi ne kadar para topladılar?",2180,10
"On tane ahırda her birinde 20 inek var. Bay Sylas 40 inek satın alıyor ve onları eşit olarak bölüyor, her birine yeni ineklerden eşit sayıda koyarak yirmi ahırın her birine. Sekiz ahırda kaç inek var?",192,70
"Bir çiftçi bir inekten günde 5 litre süt sağmaktadır. 3 ineği olduğuna göre, günde 25 litre süt üretmek için kaç tane daha ineğe ihtiyacı vardır?",2,4
Bir ahududu çalısında her biri 20 meyveden oluşan 6 salkım ve çalı üzerine dağılmış 67 tekil meyve bulunmaktadır. Toplamda kaç ahududu vardır?,187,427
"Bir 76 yıldızlı bayrakta üç sıra 8 yıldız, iki sıra 6 yıldız bulunmakta ve geri kalanlar 5 yıldızlı sıralardır. Bayrakta toplam kaç sıra 5 yıldız vardır?",8,8
"Aleena ayda 140 dolar ücretlendiren bir yayın servisine abone oldu. Yayın şirketi yılın ilk yarısında başlangıç ücretini aldı ve yılın diğer yarısında %10 daha az ücretlendirdiyse, yıl sonunda yayın servisine ödediği toplam tutarı hesaplayın.",1596,5760.0
"Peter'in 70 doları var ve bir hafta boyunca her gün eşit miktarda para harcamak istiyor. Pazar'dan Çarşamba'ya kadar, her biri 5 dolar olan ahşap aksiyon figürleri üzerinde parasını harcadı. Haftanın geri kalanında ise, her biri 2 dolar olan plastik aksiyon figürleri alacak. Haftanın sonunda toplam kaç adet aksiyon figürüne sahip olacak?",23,44
"Randy'nin 9 yulaflı kurabiyesi, 4 çikolatalı kurabiyesi ve 5 şekerli kurabiyesi var. Erken gün atıştırması için her çeşitten birer tane olmak üzere 3 kurabiye yedi. Öğle yemeği için 2 yulaflı kurabiye yedi. Arkadaşlarına 2 şekerli kurabiye verdi. Sonra, akşam yemeği için her çeşitten 4'er tane pişirdi. Şimdi kaç kurabiyesi var?",23,31
"Bir evcil hayvan dükkanında 6 kafes kemirgen vardı. Kafeslerin 3'ünde 10'ar hamster, diğer 3'ünde ise 5'er guinea pig vardı. Evcil hayvan dükkanında toplam kaç kemirgen vardı?",45,25
"Bob'un sebze bahçesindeki yükseltilmiş yatakları doldurmak için saksı toprağı alması gerekiyor. Onun 10 adet yükseltilmiş yatağı var ve her bir yatak 2 feet genişliğinde, 8 feet uzunluğunda ve 2 feet yüksekliğinde. Her bir saksı toprağı torbası 2 kübik feet toprak alıyor ve 12 dolar tutuyor. Saksı toprağı ona ne kadar mal olacak?",1920,8640.0
"Bir duvar resminde dört farklı renk boya bulunmaktadır: kırmızı, beyaz, mor ve sarı. Resimde kırmızı, beyaz ve mor boyalar eşit miktardadır. Resmin yarısı sarıdır. Eğer resimde toplamda 12 pint boya kullanıldıysa, ne kadar kırmızı boya kullanılmıştır?",2,4.0
"Bir şarkıcı sahnede çiftler halinde düzenlemek istediği 50 mikrofona sahip. Düzenlemeyi yaparken, mikrofonların %20'sinin geri kalanını çiftler halinde düzenledikten sonra sığacak hiçbir yer bulamayacağını fark eder. Sahnede kaç çift mikrofon düzenleyebildi?",20,40
"Yeni bir okula geçtikten sonra, Amy, Lily'den 20 fazla arkadaş edindi. Eğer Lily 50 arkadaş edindi ise, Lily ve Amy'nin toplamda kaç arkadaşı var?",120,110
"Ruby, Sam'den 6 kat daha yaşlıdır. 9 yıl sonra, Ruby Sam'in 3 katı kadar yaşlı olacak. Sam şu anda kaç yaşında?",6,6
"Jonathan, James'in 80 oyuncaklı oyun setinden beş kat daha büyük bir sıralı oyun seti yapmak için zaten sahip olduğundan 2 oyuncak daha fazlasına ihtiyaç duyduğunu öğrenince üzüldü. Jonathan'ın şu anda kaç oyuncakı var?",398,98
"İki spor koçu birlikte alışverişe gitti. Beyzbol koçu her biri 3 dolardan 9 yeni beyzbol topu satın aldı. Basketbol koçu ise her biri 14 dolardan 8 yeni basketbol topu satın aldı. Basketbol koçu, beyzbol koçundan ne kadar daha fazla harcadı?",85,88
"Peter bu hafta sinemaya gitmeyi planlıyor. Her zaman 7 dolarlık bilet ve 7 dolarlık patlamış mısır alır. Haftalık 42 doları varsa, kaç kez sinemaya gidebilir?",3,4
"Jane her birinde 17 çizgisi olan iki zebra, 36 çizgili bir zebra ve çizgi sayısı bunun yarısı olan başka bir zebra sayıyor. Zebraların ortalama kaç çizgisi vardır?",22,25.0
"Christina bir doğum günü partisi planlıyor ve davet ettiği her misafir için 0.75 hediye çantası alması gerekiyor, çünkü katılımcıların 1/4'ü gelmiyor. 16 arkadaşını davet etti. Hediye çantalarının her biri 2 dolar. Ne kadar harcayacak?",24,96.0
"Emily'nin Amy, Jackson, Corey ve James adında 4 çocuğu var. Amy, Jackson'dan 5 yaş büyük ve Corey'den 2 yaş küçük. Eğer James 10 yaşında ve Corey'den 1 yaş küçükse, Jackson kaç yaşında?",4,12
"Aiden mahalle pikniği için ünlü lokanta baharatlı köftelerini yapıyor. Kullandığı her bir pound kıymaya iki yemek kaşığı gizli lokanta baharatı ekliyor. Her bir pound etten on altı köfte çıkıyor. Eğer piknik için 80 köfte yapmak istiyorsa, ne kadar gizli baharatına ihtiyacı olacak?",10,4800.0
Belirli bir şehirdeki 40 restorana dağıtılmak üzere 200 pound havuç bulunmaktadır. Her restoran 2 pound havuç alacaktır. Kaç pound havuç kullanılmayacak?,120,0
"Yirmi turist bir alışveriş merkezi otoparkında 700 kabuk buldu. Mümkün olduğunca çok kabuk bulmak için Alfa, Bulucular ve Gidip Getirenler olmak üzere üç gruba ayrıldılar. Eğer Alfa takımı kabukların %40'ını ve Bulucular takımı kalan kabukların %60'ını bulduysa, Gidip Getirenler takımı kaç kabuk buldu?",168,140
"Temel manikür 35 dolardan, pedikür ise 40 dolardan başlar. Belirli bir salon, her ikisini de yaptırırsanız %20 indirim yapmaktadır. Karen her ikisini de yaptırmaya karar verirse ve her bir tırnağına 3 dolar karşılığında tırnak sanatı eklemek isterse, toplamda ne kadar öder?",90,1350
"Cole bir dans yarışması için yeni kot pantolon almak istedi. Mağazada, eski görünümlü kotlar ile eşofman tipi kotlar arasında karar veremedi. Kotlar indirimde olduğu için ikisini de almaya karar verdi. Eski görünümlü kotlar 28 dolar iken, eşofman tipi kotlar eski görünümlü kotlardan 6 dolar daha ucuzdu. Toplamda 6 dolar tasarruf etti. Eğer tasarrufun 1/3'ünü eşofman tipi kotlardan, geri kalanını ise eski görünümlü kotlardan yaptıysa, eşofman tipi kotların orijinal fiyatı eski görünümlü kotlara göre ne kadar daha fazlaydı?",8,4.5
"Alicia'nın kıyafetleri haftalık olarak kuru temizlemeye gönderilmeli. Haftalık bıraktığı eşyalar arasında 5 bluz, 2 pantolon ve 1 etek bulunuyor. Eğer bluz başına 5 dolar, etek başına 6 dolar ve pantolon çifti başına 8 dolar ücretlendiriliyorsa, 5 haftada kuru temizleme için ne kadar harcar?",235,295
"Jackson lale dikmektedir. Bir sıraya 6 kırmızı lale ve 8 mavi lale sığdırabilmektedir. Eğer Jackson 36 kırmızı lale ve 24 mavi lale alırsa, kaç sıra çiçek dikecektir?",9,4
"Bill arka bahçesinde bir kuyu kazmaya çalışıyor. Toprakta saatte 4 feet kazabilir ve kilde bu hızın yarısı kadar hızlı kazabilir. Eğer 24 feet toprak ve 8 feet kil kazması gerekiyorsa, kuyuyu kazması ne kadar sürecek?",10,6.0
"Mary, Joan'dan iki yaş küçüktür, Joan ise Jessa'dan beş yaş büyüktür. Jessa 20 yaşındaysa, üç kızın yaşlarının toplamı nedir?",68,35
"Alice, Steven'dan 6 fazla kitaba sahip. Clara'nın Steven'ın kitap sayısının iki katı kadar kitabı var. Eğer Clara'nın 20 kitabı varsa, Clara'nın Alice'den kaç fazla kitabı var?",4,60
"Carrie'nin halası tarafından öğle yemeği için kullanması için on tane yirmilik ve 140 çeyrek verildi. Tüm çeyrekleri ve yirmiliklerin 3/5'ini harcarsa, öğle yemeği için ödediği toplam para miktarını hesaplayın.",155,140.0 + (140 * 3/5) = 140.0 + (84.0) = 224.0.
"Dora'nın babasının yaşı, Dora'nın yaşının iki katından sekiz fazladır. Eğer Dora'nın annesi, Dora'nın babasından dört yaş küçükse ve Dora 15 yaşındaysa, Dora'nın, babasının ve annesinin toplam yaşlarını hesaplayın.",87,94
"Bay Roper'ın 30 öğrencilik sınıfında, sınıfın %20'si futbol oyuncusudur. Geri kalan sınıftan, %25'i ponpon kız veya bando üyesidir. Bu 3 grup öğrenci, deplasman maçına gitmek için bugün erken ayrılacak. Kaç öğrenci erken ayrılıyor?",12,21
Bir deniz fenerindeki ışık 5 dakikada 255 kez yanıp söner. Işık 459 kez yanıp sönmek için ne kadar süre gerekir?,9,4
"Kimberly 8 paket kedi maması ve 6 paket köpek maması satın aldı. Her bir kedi maması paketi 11 kutu, her bir köpek maması paketi ise 6 kutu içeriyordu. Kimberly, köpek mamasından kaç kutu daha fazla kedi maması satın aldı?",52,924
Küçük bir kütüphanede 50 kitap bulunmaktadır. Bunların yarısı İngilizce olarak yazılmıştır ve %10'u Almanca. Diğer tüm kitaplar İspanyolca yazılmıştır. Kaç İspanyolca kitap vardır?,20,25
Bir silgi 2 dolar ve bir kalem 3 dolar. 6 silgi ve 8 kalem ne kadar tutar?,36,46
Paul'un 52 bilyesi var. Arkadaşı ona 28 bilye daha verdi. Sonra bilyelerinin 1/4'ünü kaybetti. Paul'un kaç bilyesi kaldı?,60,68
"Kiralık olan 20 arabanın 12'si otomatik vites, 4'ü manuel vites ve geri kalanı yarı otomatik. Arabaların yüzde kaçı yarı otomatik?",20,4
James ayda 2 çift ayakkabı alır. Yılda ayakkabılara 2640 dolar harcar. Her çift ayakkabı için ortalama ne kadar öder?,110,75000
"Nick iki iş arasında seçim yapıyor. İş A, yılda 2000 saat için saat başı 15 dolar ödüyor ve toplam vergi oranı %20 olan bir eyalette. İş B ise yılda 42.000 dolar ödüyor ve mülkiyet vergisi olarak 6.000 dolar ile net gelir üzerinden %10 vergi oranı alan bir eyalette. Nick, net ödeme oranı daha yüksek olan işte, diğer işe kıyasla ne kadar fazla para kazanacak?",8400,"2.450,00"
"Dave büyük bir paket patates kızartması aldı ve aç bir martı paketi elinden çalana kadar on dört tane yedi. Martı yere indiğinde, Dave'in yediği miktarın yarısını hızla yedi. Sonra üç güvercin onu yemekten uzaklaştırdı ve her bir güvercin üçer tane patates kızartması yedi. Daha sonra bir rakun kalan patates kızartmalarının üçte ikisini çaldı. Karıncalar son bir patates kızartmasını taşıdı ve arkada beş tane bıraktı. Dave paketi aldığında içinde kaç patates kızartması vardı?",48,56
"Jess, bir kavanozdaki mavi jelibonların sayısını tahmin etmeye çalışıyor. 17 yeşil jelibon olduğunu ve iki katı kadar kırmızı jelibon olduğunu görebiliyor. Geri kalan jelibonlar mavi jelibonlar. Toplamda 60 jelibon varsa, kaç tane mavi jelibon vardır?",9,13
"Peter her birinde eşit sayıda çikolata barı olan 4 kutuya sahipken, Martha ise her birinde eşit sayıda çikolata barı olan 7 kutuya sahiptir. Eğer Peter ve Martha'nın sırasıyla toplamda 64 ve 56 çikolata barı varsa, Peter'ın her kutusunda Martha'dan kaç fazla çikolata barı vardır?",8,20
"Bir dükkan okul malzemeleri satmaktadır. Bir defterin fiyatı 1.50 dolar, bir kalem 0.25 dolar, bir hesap makinesi 12 dolar ve bir geometri takımı 10 dolardır. Daniel bir mühendislik öğrencisidir ve beş defter, iki kalem, bir hesap makinesi ve bir geometri takımı almak istemektedir. Dükkan, satın alınan tüm ürünlerde %10 indirim yapmaktadır. Daniel istediği tüm malzemeler için ne kadar ödemek zorundadır?",27,44.75
KozyInn Motel'de 90 oda bulunmaktadır. Temizlik ekibinin her odayı temizlemesi 20 dakika sürmektedir. Odaların yarısını temizlemek kaç saat sürer?,15,3.75
"Sam Pazartesi, Çarşamba ve Cuma günleri 3 mil koştu. Salı ve Perşembe günleri ise 5 mil koştu. Sam bu hafta toplam kaç mil koştu?",19,15
"Hannah finaller için çalışırken bir sinir krizi geçirir ve lise otoparkındaki camları kırmaya başlar. Öğrencilerin arabalarının camlarının dörtte birini ve öğretmenlerin arabalarının camlarının dörtte üçünü kırar. Eğer 64 öğrenci arabasının her birinde dört cam varsa ve 32 öğretmen arabasının her birinde iki cam varsa, Hannah kaç cam kırar?",112,96
"Henry bazı oyuncaklar monte etmelidir, özellikle 57 araba ve 73 motosiklet. Henry, tüm oyuncakları monte etmek için her araba için 4 tekerlek ve her motosiklet için 2 tekerlek gerekeceğini biliyor. Eğer içinde 650 tekerlek olan bir kutusu varsa, kaç tekerlek kalır?",276,105
Bir okuldaki her sınıfta 20 öğrenci vardır. 3 sınıf vardır. Okulun tamamı %50 erkek ve %50 kızdır. İlk sınıfta 15 kız öğrenci vardır. İkinci sınıfta 12 kız öğrenci vardır. Üçüncü sınıfta kaç erkek öğrenci vardır?,17,17
"Pat'ın 111 feet uzunluğunda bir çiçek tarhası var. Pat, çiçek tarhasını bitkilerle doldurmak istiyor. Pat'ın çiçekleri 12 inç genişliğinde büyüdüğü için her bitki arasında 1,5 feet boşluk bırakması gerekiyor. Pat'ın zaten 17 çiçeği var. Mağazadaki her çiçekli bitki 6 dolara mal oluyor, Pat çiçek tarhasını doldurmak için mağazada ne kadar para harcayacak?",342,540.0
"Sarai'nin okulunda sınıf temsilciliği için iki aday yarışıyor. Kazanan aday oyların 3/4'ünü aldıysa ve sınıfta oy kullanan toplam öğrenci sayısı 80 ise, kaybeden adayın aldığı oy sayısını hesaplayın.",20,20
Martha Noel partisini planlıyor. 6 kişilik 2 aile ve 4 kişilik 3 aile davet etti. Hastalık nedeniyle 8 kişi gelemeyecek ve bu sayının 1/4'ü önceden yapılmış planları var. Martha'nın partisine kaç kişi katılıyor?,16,23
Shannon kendi madeleine kurabiyelerini yapıyor ve gece başına 2 tane yiyerek kendini ödüllendiriyor. 30 gün boyunca yetecek kadar kurabiye yapmak ve bunları dondurucuda saklamak istiyor. Tarifi bir düzine madeleine kurabiyesi yapıyor. 30 gün boyunca yetecek kadar kurabiye yapabilmesi için kaç düzine kurabiye yapması gerekecek?,5,30.0
"Pamela dışarıda olduğu her saat başı bir ons güneş kremi yeniden uygular. Güneş kremleri 8 ons'luk şişelerde gelir. Tatilde, eğer günde 4 saat boyunca 8 gün dışarıda olacaksa, kaç şişe güneş kremi paketlemesi gerekecek?",4,24.0
"Louise bir sanatçıdır ve en son resimlerine bir kat vernik uygulaması yapması gerekmektedir. Genellikle bir resmin üzerindeki vernik katının kuruması 7 dakika sürer. Ancak bugün yeni bir vernik kullanmakta ve bu vernik katının kuruması 12 dakika sürmektedir. Yeni vernikle 6 resmin üzerindeki vernik katının kuruması, eski vernikle kurumasına göre ne kadar daha uzun sürecek?",30,240
"Marcy'nin pazarladığı ev yapımı mumlar %99 patlamama garantilidir. Daha tehlikeli mumların %5'inde ıslak köpek gibi kokan bir kusur bulunmaktadır. Eğer 50.000 mum yaparsa, kaç tanesi hem ıslak köpek gibi kokacak hem de patlayacaktır?",25,"0.99 * 0.05 = 0.00495 = 0.4950 (yaklaşık olarak 0.5'e yuvarlıyoruz, çünkü 0.4950 tam sayı değil) * 50.000 = 25.0000 (yaklaşık olarak 25'e yuvarlıyoruz, çünkü 25.0000 tam sayı değil) -> 25.0000 ≈ 25. Yani cevabım: 25."
"Yoğun bir Cumartesi sabahında, bir otel 100 misafirle tamamen doluydu. 24 misafir erken çıkış yapmayı tercih etti ve 15 misafir geç çıkış yapmayı tercih etti. Öğleden sonra geç çıkış yapanların iki katı kadar kişi giriş yaptı. Akşam yemeği servis edildikten sonra 7 kişi daha giriş yaptı. Otelde şimdi kaç misafir var?",98,94
"Axel'in 50 gümüş pesosu ve 80 altın pesosu var. Arkadaşı Anna'yı ziyaret eder, Anna'nın onun sahip olduğunun iki katı kadar gümüş pesosu ve 40 fazla altın pesosu var. Birlikte toplam kaç peso var?",350,4500
"Bir tıbbi doz için, Saanvi bir ilacın 14 mL'sini ikinci ilacın üç katı miktarıyla karıştırmak zorundaydı. 8 dozda kaç mL ilaç olurdu?",448,2240
"Zack'in dolabı, Timothy'nin dolabının yarısı kadar büyük. Peter'ın dolabı, Zack'in dolabının dörtte biri kadar büyük. Eğer Peter'ın dolabı 5 inç küp ise, Timothy'nin dolabı kaç inç küp büyüklüğündedir?",40,40
"John çok yorgun. Bir şekerleme yapmaya karar veriyor, ancak önce ödevlerini bitirmek istiyor. John'un 20 dakikalık matematik ödevi, 40 dakikalık okuma ödevi ve 20 dakikalık tarih ödevi var ve akşam yemeğini yemesi gereken zamana 3 saat var. John'un şekerleme yapmak için kaç dakikası var?",100,120
"Bir fincan mantar 100 gram gelir ve 3 gram protein içerir. Eğer John her gün 200 gram mantar yerse, haftada kaç gram protein alır?",42,8400.0
Bir dondurma fabrikası 2 saatte 100 litre çikolatalı dondurma yapar. 4 saatte 50 litre vanilyalı dondurma yapabilir. Toplamda 48 saatte kaç litre dondurma yapılır?,3000,1200
Otobüste 48 kişi yolculuk ediyor. İlk durakta 8 yolcu iniyor ve inenlerin sayısının 5 katı kadar kişi otobüse biniyor. İkinci durakta 21 yolcu iniyor ve 3 kat daha az yolcu biniyor. İkinci duraktan sonra otobüste kaç yolcu yolculuk ediyor?,66,56
"Shondra'nın Toni'den 7 daha az bitkisi var. Toni'nin Frederick'ten %60 daha fazla bitkisi var. Eğer Frederick'in 10 bitkisi varsa, Shondra'nın kaç bitkisi vardır?",9,8.5
"Marcell ve Beatrice, en fazla meyve rulosu kimin yiyebileceğini görmek için bir yarış yapıyorlar, bu yüzden bulabildikleri kadarını açıyorlar. Ne yazık ki, bir hata yapıyor ve Beatrice'inkiler iki rulo genişliğinde ve 24 rulo uzunluğundayken, Marcell'inkiler üç rulo genişliğinde ve 14 rulo uzunluğunda. Eğer ikisi de kendi paylarını tamamen yemişse, ortalama olarak ne kadar yemiş oldular?",45,100
Tom iki haftalık bir Avrupa turuna çıktı. İlk dört gün her gün 200 kilometre yol aldı ve sonraki iki gün boyunca ilk dört gün kat ettiği mesafenin sadece %30'unu tamamladı. Ertesi gün hiç seyahat etmedi. İkinci hafta boyunca her gün 300 kilometre yaptı. Tom iki haftalık seyahati boyunca toplam kaç kilometre yol yapmış oldu?,3140,2400
"Rozanne ailesi için eggnog yapıyor. Kutularda olan 4 düzine yumurta ve dolapta serbest duran başka 2 yumurta kullanıyor. Her biri 5 bardak eggnog tutan tepsileri hazırlıyor. Her bardak için 5 yumurta gerektiğine göre, Rozanne kaç tane tepsi hazırlayabilir?",2,24
Nick'in George'dan iki kat fazla şekerlemesi vardı. Sonra George 5 şekerleme yedi. Şimdi George'un 3 şekerlemesi kaldı. Nick'in kaç şekerlemesi var?,16,15
"John 2 dolara süt, 3 dolara yumurta, 3 dolara ampul, 3 dolara fincan ve 4 dolara hamamböceği tuzakları alıyor. Tüm gıda dışı ürünlerde %10 vergi varsa, her şeyin toplam maliyeti ne kadar oldu?",16,81.2
Jason'ın ayda 1000 dakikalık bir telefon planı var. Her gün patronuyla 15 dakikalık bir telefon görüşmesi yapıyor ve bu ay başka insanlarla 300 ekstra dakika telefon görüşmesi yapmış. Bu ay 30 gün olduğuna göre Jason'ın kaç dakikası kalmıştır?,250,4300
"Ben'in 4 tüp mavi boya ve 3 tüp sarı boya var. Jasper, Ben'in mavi boyalarının yarısı kadar mavi boya ve Ben'in sarı boyalarının üç katı kadar sarı boya sahibi. Jasper'ın kaç tüp boyası var?",11,11
"Joe'nun Robert'tan iki kat fazla arabası var. Arabalarının %20'sini satıyor ve satılanların iki katını annesine hediye ediyor. Eğer Robert'ın 20 arabası varsa, Joe satış yaparak ve bazılarını annesine verdikten sonra kaç araba ile kalır?",16,44
"John iş yerinde bir ödül kazanır. Ödül, tek seferlik 5000 dolar para ödülü ve maaşta %5'lik bir artış içerir. Eğer haftada 2000 dolar kazanıyor ve yılın ilk günü ödülü aldıysa, o yıl ne kadar para kazanmıştır?","114,200",360
"Solomon arkadaşı Johanna'dan 20 bilye satın aldı ve bunları 50 tane olan bir dükkana ekledi. Eğer babası da Johanna'dan aldığı bilyelerin 2/5 kadarını ona verdiyse ve her bilye 2kg ağırlığında ise, Solomon'un dükkandaki bilyelerin toplam ağırlığını hesaplayın.",156,4000
"Molly kız kardeşi için bir doğum günü partisi düzenliyor ve 16 kişiyi davet etti. 10 kişi kişi başı 6,50 dolar olan tavuk salatasını istiyor ve 6 kişi kişi başı 6 dolar olan makarna salatasını istiyor. Molly catering için toplam ne kadar ödeyecek?",101,102.0
"Bir okul etkinliğinde, elli dört öğrenci eşit büyüklükte altı gruba ayrılacak. Etkinlik 12 grup gerektiriyorsa, kaç grup daha oluşturulması gerekiyor?",3,8
"Adrian'ın yaşı Harriet'in yaşının üç katıdır ve Harriet, Zack'in yaşının yarısı kadardır. Harriet şu anda 21 yaşındaysa, üç yıl sonra üçünün ortalama yaşını hesaplayın.",45,27.5
Gary haftada iki kez çamaşır yıkar. Her çamaşır yükü için 20 galon su kullanılır ve bir galon suyun maliyeti 0.15 dolardır. Gary yılda çamaşır için suya ne kadar para harcar?,312,312.0
Bir sınıfta 40 öğrenci var. Sınıfın yarısı maviyi seviyor. Kalanların dörtte biri yeşili seviyor ve geri kalanlar sarıyı seviyor. Kaç öğrenci sarı rengi seviyor?,15,20
"Ara dört yıl önce okulun basketbol takımına katıldı. Her yıl 40 maç yapıyor. Her maçta 21 puan alıyorsa, dört yıl içinde attığı toplam puanı hesaplayın.",3360,6720
"Marcel bir bisiklet mağazası işletiyor. Ana ürünleri üç tür bisiklet: MTB, BMX ve Trekking. Bir MTB'nin fiyatı 500 dolar, BMX bir MTB'nin fiyatının yarısı ve bir Trekking bisikleti 450 dolar. Bir ayda Marcel, listelenen türler arasında toplam 300 bisiklet sattı. Bunların yarısı Trekking bisikletleriydi ve %15'i BMX bisikletleriydi. Satılan bisikletlerin geri kalanı MTB tipiydi. Marcel o ay boyunca bisiklet satışından ne kadar kazandı?",131250,14750.0
"Bir Tyrannosaurus rex, avladığı küçük bir triceratopsun yarısını yedi. Ayrıldığında, bir grup velociraptor kalanın yarısını temizledi. Tembel bir grup Allosaurus son 270 kilogram eti mideye indirdi. T-Rex yemeden önce triceratopsun üzerinde kaç kilogram et vardı?",1080,5400
"Dylan'ın katıldığı düğünde resepsiyonda 100 konuk vardı. Her konuk 15 kurabiyelik bir tabak getirdi. Gelin, düğün resepsiyonunda yardım ettikleri için teşekkür olarak kurabiyelerin yarısını yan taraftaki kiliseye vermek istedi. Eğer kilisedeki herkes 15 kurabiye aldıysa, yan taraftaki kilisede kaç kişi vardı?",50,33.5
"Raymond'ın 21 doları vardı. Sonra harçlığından 11 dolar biriktirdi ve bir çizgi roman için 5 dolar, bir bulmaca için de 19 dolar harcadı. Raymond'ın ne kadar parası kaldı?",8,6
"David ve Dasha, içinde 9 tane oyuncağın olduğu karnavala gitti. Her oyuncak için 2 bilet gerekiyor ve her bilet 2 dolardan satılıyor. Ayrıca 30 dolar karşılığında 9 oyuncak için geçerli bir bileklik de satın alabilirsiniz. Eğer David bir bileklik satın alır ve Dasha biletleri satın alırsa, ve ikisi de 9 oyuncakta da binerse, David ne kadar para tasarrufu yapar?",6,21.0
Bruce Salı günü 5 saat çalışır. Çarşamba günü Salı günü çalıştığı sürenin iki katı kadar çalışır. Perşembe günü ise Çarşamba günü çalıştığı süreden 2 saat daha az çalışır. Bruce bu üç günde toplam kaç saat çalışır?,23,13
"Bir kutuda 90 adet tek kullanımlık lens bulunmaktadır ve Pete için 45 gün yeterlidir. Her kutunun fiyatı 100.00 dolar ve şu anda %10 indirimli. Eğer o iki kutu lens alırsa, her çift lensin maliyeti ne kadar olacak?",2.00,180.0
Tom'un evinde 4 yatak odası var. Her biri 20 ile 12 feet ölçüyor. Oturma odası bir yatak odasından 5 kat daha büyük. Evdeki diğer alanlar 1000 feet kare. Evdeki toplam alan feet kare olarak ne kadardır?,3160,1450
"Her bir muffin için Svetlana'nın 5 yemek kaşığı un, 3 yemek kaşığı şeker ve 0.25 yemek kaşığı tuz gerekiyordu. Svetlana 16 muffin yapmak için kaç yemek kaşığı kuru malzeme gerekecekti?",132,44.5
"Bir anne alışverişe gider. 4.20 dolarlık kakao, 9.45 dolarlık çamaşır deterjanı ve 1.35 dolarlık bir paket makarna alır. 20 dolar öder. Kasiyer ne kadar para üstü verir?",5,5.95
"Boris bir çikolata fabrikasına sahiptir. Her ay 50.000 çikolata barı üretir. Boris ilk hafta 8.000 çikolata barı üretir. İkinci hafta, ilk haftanın yarısı kadar üretir. Ancak, üçüncü hafta, ilk haftanın üç katı kadar üretir. Dördüncü hafta ne kadar üretir?",14000,20.000
"Hannah bir muz kabuğuna basıp kolunu kırar. Doktor alçı için 200 dolar, 30 dakikalık ziyaret için saat başı 300 dolar, 30 ağrı kesici için tanesi 4 dolar ve zorunlu en az 2 saatlik park için saat başı 6 dolar ücret talep eder. Doktor ziyaretinin toplam maliyeti ne kadar olur?",482,1340
"Alice, Beth'ten 7 yaş büyük, Beth ise Erica'dan 5 yaş büyük. Erica 30 yaşındaysa, Alice ile Erica'nın yaşları arasındaki fark nedir?",12,0.2
"Allan'ın evinde, cannolilerin iki katı kadar mısır var. Evde toplam 40 cannoli var. Allan, dükkândan 60 tane daha cannoli ve cannolilerin sayısından 40 daha az mısır aldı. Allan'ın evindeki mısır ve cannolilerin toplam sayısını bulun?",200,220
"Bir kalem, bir kurşun kalem ve silgi toplamı kadar ediyor. Bir kurşun kalem 1.20 dolar ve bir silgi 0.30 dolar. 8 kalem ne kadar tutar?",12,24.30
"Josh bir evi yenileyip satmaya karar verir. 80.000 dolar karşılığında bir ev satın alır ve ardından onarım için 50.000 dolar harcar. Bu, evin değerini %150 artırır. Ne kadar kar etti?",70000,90.000.00
"Balık tankında 66 balık var. Balıkların üçte birinin üzerinde kırmızı çizgiler var ve kalan balıkların 5/11'i mavi çizgilere sahip. Toplamda, kaç balık kırmızı ve mavi çizgilere sahip?",42,34
Adrianne bileklik yapmak için farklı çeşitlerde boncuk topluyor. Annesi ona 20 metal boncuk verdi. Kız kardeşi annesinden on boncuk daha fazla verdi ve arkadaşı annesinin verdiğinin iki katı kadar boncuk verdi. Adrianne'nin toplamda kaç boncuğu oldu?,90,90
"Dün gece Rick avlanırken on kurt ve on beş puma öldürdü. Bugün Rick, pumalardan üç kat fazla kurt ve önceki geceye göre üç daha az puma öldürdü. Rick kaç hayvan öldürdü?",73,9 900
Shannon sıcak kahve demleyip içine buz küpleri ekleyerek kendine buzlu kahve yapar. Her buz küpü kahveyi 13 derece soğutur ama kahveyi 12 mililitre daha zayıflatır. Eklenen herhangi bir sıvı da kahveyi zayıflatır. Shannon'ın kahvesi 65 derece soğutulduğunda ve içine 15 mililitre krema eklendiğinde kahve kaç mililitre daha zayıf olur?,75,30.0
"Elaine başlangıçta 20 Pokemon kartına sahipti. Bir ay sonra, bu sayının üç katını topladı. İkinci ayda, ilk ayda topladığı kart sayısından 20 eksik kart topladı. Üçüncü ayda, ilk iki ayda topladığı pokemon kartlarının toplam sayısının iki katını topladı. Şimdi toplamda kaç pokemon kartı var?",320,1800
Josh bir araba dükkanı işletiyor ve günde 3 araba servis yapıyor. Haftanın her günü Pazar ve Çarşamba hariç açık. Araba başına 4 dolar kazanıyor. İki haftada ne kadar kazanır?,120,3360
"Ellen arkadaşına şaka yapmaya karar verdi. 12'li bir kola kutusu aldı ve içlerinden 3 tanesini çalkaladı. Sonra çalkalanmamış bir kola alıp kendine ayırdı ve oradan ayrıldı. Ellen'ın erkek kardeşi geldi ve çalkalanmış bir kola ile çalkalanmamış iki kola aldı, sonra Ellen'ın arkadaşı geldi. Ellen'ın arkadaşının çalkalanmış bir kutudan kola fışkırması ihtimali yüzde olarak ifade edilirse ne olur?",25,"0,5"
"Theo'nun yaklaşan Güney Afrika iş gezisi için harcamak istediği 6000 doları var. Her biri 100 dolardan 6 iş takımı, her biri 50 dolardan 3 bavul alıyor, bir iş takımının maliyetinin 5 katından 700 dolar daha pahalı bir uçak bileti alıyor. Bu gezisi için 2000 dolar biriktirmek istiyor, Güney Afrika'daki iş ortaklarına hediye almak için ne kadar harcaması gerekiyor?",2050,2800
"Sepette 10 yumurta varsa ve ikinci sepette iki kat daha fazla yumurta varsa, her iki sepet birleştirildiğinde toplam kaç yumurta vardır?",30,30
"Bill yeni bir akış hizmetine kaydoluyor. İlk 6 ay için ayda 8 dolarlık özel bir tanıtım anlaşması aldı, sonra fiyat normal ayda 12 dolarlık fiyata çıktı. Normal oranın 8 ayından sonra, hizmetin fiyatı ayda 14 dolara çıktı. İki yıl boyunca hizmetin maliyeti ne kadar oldu?",284,3660
"Jennifer pazardan 12 portakal aldı, üç kızına her birine 2 portakal verdi ve tek oğluna 3 portakal verdi. Jennifer'ın kaç portakalı kaldı?",3,4
Brett 14 yaşında. Dört yıl sonra kız kardeşi Angela onun şu anki yaşının üç katı kadar yaşında olacak. Angela şu anda kaç yaşında?,38,21
Parker günde 4 adet sakız çiğner. Bir paket sakızda 15 adet sakız bulunmaktadır. 30 gün boyunca yetmesi için kaç paket sakıza ihtiyacı olacak?,8,8.5
